ファイヤーハウス,293,-105,586,-209,1172,-418,2344,-836,4689,-1672,9377,-3344,35.707589722222,139.758163055556,http://togetter.com/li/186070,1291
サイゼリヤ　本郷三丁目店,293,-105,586,-209,1172,-418,2344,-836,4689,-1672,9377,-3344,35.70810927408,139.76075154025,http://togetter.com/li/186070,1291
モスバーガー本郷三丁目店,293,-105,586,-209,1172,-418,2344,-836,4689,-1672,9377,-3344,35.707048333333,139.760329722222,http://togetter.com/li/186070,1291
サイゼリヤ本郷三丁目店,293,-105,586,-209,1172,-418,2344,-836,4689,-1672,9377,-3344,35.708109166667,139.760751944444,http://togetter.com/li/186070,1291
サイゼリヤ本郷三丁目店,293,-105,586,-209,1172,-418,2344,-836,4689,-1672,9377,-3344,35.70810927,139.76075182,http://togetter.com/li/186070,1291
クア・アイナ五反田店,293,-105,586,-209,1171,-419,2342,-837,4684,-1675,9368,-3350,35.624067777778,139.722738888889,http://togetter.com/li/186070,1291
クア・アイナ渋谷宮益坂店,293,-104,586,-209,1171,-418,2343,-836,4685,-1673,9370,-3346,35.660560277778,139.705214166667,http://togetter.com/li/186070,1291
クア・アイナ,293,-104,586,-209,1171,-418,2343,-836,4685,-1673,9371,-3346,35.662821388889,139.710874722222,http://togetter.com/li/186070,1291
クア・アイナ神田駿河台店,293,-105,586,-209,1172,-418,2344,-836,4688,-1673,9377,-3345,35.696055000000,139.763941111111,http://togetter.com/li/186070,1291
ＫＵＡ・ＡＩＮＡ丸ビル店,293,-105,586,-209,1172,-418,2344,-837,4688,-1673,9375,-3347,35.681095555556,139.763630555556,http://togetter.com/li/186070,1291
オーガニック＆チーズ　フレンチレストラン　J z　GARDEN　GINZA,293,-105,586,-209,1172,-418,2344,-837,4687,-1674,9374,-3348,35.668752347337,139.76741415845,http://togetter.com/li/186070,1291
オーガニック＆チーズフレンチ　個室レストラン　ジェイズ,293,-104,586,-209,1172,-418,2343,-836,4687,-1671,9374,-3342,35.693134491048,139.70438091535,http://togetter.com/li/186070,1291
ハンバーガーｓｈｏｐ　Ｂ．Ｂ．Ｂ．,293,-104,585,-208,1171,-416,2341,-833,4682,-1666,9364,-3332,35.70208,139.484009,http://togetter.com/li/186070,1291
エリックスハンバーガーショップ,293,-104,585,-209,1171,-418,2342,-836,4683,-1673,9367,-3345,35.643328055556,139.661776666667,http://togetter.com/li/186070,1291
株式会社きらら亭　受注センター,292,-104,584,-208,1169,-416,2338,-832,4675,-1664,9350,-3329,35.643343888889,139.292410833333,http://togetter.com/li/186070,1291
株式会社コルドンブルー,293,-105,586,-209,1172,-418,2344,-837,4687,-1674,9375,-3347,35.673274444444,139.770805000000,http://togetter.com/li/186070,1291
九州豚骨ちゃんぽん頃場,293,-105,587,-209,1173,-418,2346,-837,4693,-1673,9386,-3346,35.734481388889,139.880787777778,http://togetter.com/li/187275,1
北海豚骨麺屋銀鈴,293,-104,587,-208,1173,-417,2346,-834,4693,-1668,9385,-3336,35.789405555556,139.760109722222,http://togetter.com/li/187275,1
豚骨ラーメン　じゃぐら,293,-104,586,-209,1172,-417,2343,-835,4686,-1670,9372,-3339,35.70054595,139.64758422,http://togetter.com/li/187275,1
太陽のトマト麺,293,-105,586,-209,1172,-419,2345,-837,4689,-1674,9379,-3347,35.69557255,139.81032471,http://togetter.com/li/187275,1
太陽のトマト麺護国寺支店,293,-104,586,-209,1172,-418,2344,-835,4688,-1671,9377,-3341,35.718526666667,139.728184722222,http://togetter.com/li/187275,1
太陽のトマト麺大塚北口店,293,-104,586,-209,1172,-418,2345,-835,4689,-1670,9378,-3340,35.733613888889,139.726678888889,http://togetter.com/li/187275,1
太陽のトマト麺四谷二丁目店,293,-104,586,-209,1172,-418,2343,-836,4687,-1672,9374,-3344,35.687555000000,139.724155833333,http://togetter.com/li/187275,1
赤のれん麺徳,293,-105,586,-209,1172,-418,2344,-836,4688,-1672,9376,-3344,35.698487777778,139.750053055556,http://togetter.com/li/187275,1
赤のれん,293,-105,586,-209,1172,-418,2344,-837,4688,-1673,9375,-3347,35.681095555556,139.763630555556,http://togetter.com/li/187275,1
すーぷ道・連,293,-104,586,-209,1173,-417,2345,-835,4690,-1669,9380,-3339,35.744534722222,139.728858611111,http://togetter.com/li/187275,1
えびすや,292,-104,585,-208,1170,-416,2339,-833,4678,-1666,9356,-3332,35.657961111111,139.397970833333,http://togetter.com/li/185944,8
タブチ,293,-104,586,-209,1172,-417,2343,-835,4686,-1669,9372,-3339,35.705203611111,139.647334166667,http://togetter.com/li/185944,8
吾妻,293,-104,585,-209,1171,-417,2342,-834,4683,-1668,9366,-3336,35.689039166667,139.552101111111,http://togetter.com/li/185944,8
びっくり食堂,293,-105,586,-209,1173,-418,2345,-836,4690,-1672,9380,-3344,35.715384444444,139.793457777778,http://togetter.com/li/185944,8
めぐろ三ツ星食堂,293,-105,586,-209,1171,-419,2342,-837,4684,-1675,9369,-3349,35.633827500000,139.719027777778,http://togetter.com/li/185944,8
インディアン蒲田西口店,292,-105,585,-210,1170,-420,2340,-839,4681,-1678,9361,-3356,35.561969444444,139.712445000000,http://togetter.com/li/185944,8
メラ屋,293,-105,586,-209,1172,-418,2343,-837,4686,-1674,9372,-3347,35.663430277778,139.737283333333,http://togetter.com/li/185944,8
ＳＩＡ南インド料理　六本木店,293,-105,586,-209,1172,-418,2343,-837,4686,-1673,9372,-3347,35.6640272,139.732130,http://togetter.com/li/185944,8
３７ＣＵＲＲＹ,293,-105,586,-209,1172,-418,2343,-837,4686,-1673,9372,-3347,35.661335833333,139.730128611111,http://togetter.com/li/185944,8
バルチックカレー六本木店,293,-105,586,-209,1172,-418,2343,-837,4686,-1673,9372,-3346,35.665065833333,139.729706111111,http://togetter.com/li/185944,8
いんでいら道玄坂店,293,-104,586,-209,1171,-418,2343,-836,4685,-1673,9370,-3346,35.659654722222,139.698373055556,http://togetter.com/li/185944,8
東京カレー屋名店会,293,-105,586,-209,1172,-418,2344,-837,4687,-1674,9375,-3347,35.674393611111,139.763838888889,http://togetter.com/li/185944,8
カレーハウスＣｏＣｏ壱番屋本郷三丁目駅前店,293,-105,586,-209,1172,-418,2344,-836,4689,-1672,9377,-3344,35.707675833333,139.759618611111,http://togetter.com/li/185944,8
カレーハウスＣｏＣｏ壱番屋ＪＲ国分寺駅南口店,293,-104,585,-208,1171,-416,2341,-833,4682,-1666,9364,-3332,35.698914166667,139.479526111111,http://togetter.com/li/185944,8
カレーハウスＣｏＣｏ壱番屋秋葉原国道４号店,293,-105,586,-209,1172,-418,2345,-836,4689,-1672,9378,-3345,35.699991111111,139.775176666667,http://togetter.com/li/185944,8
カレーハウスＣｏＣｏ壱番屋国分寺並木町店,293,-104,585,-208,1171,-416,2341,-832,4682,-1664,9364,-3329,35.717341666667,139.446220277778,http://togetter.com/li/185944,8
タイ国料理　バンタイ,293,-104,586,-209,1172,-418,2343,-836,4687,-1671,9374,-3342,35.694173955513,139.70099228792,http://togetter.com/li/185944,8
スープカリーの店　ｍａｎｎａ,293,-104,586,-209,1173,-417,2345,-834,4691,-1668,9381,-3337,35.7615299,139.720236,http://togetter.com/li/185944,8
スープカレー・シュクル,292,-105,585,-209,1170,-419,2341,-837,4682,-1675,9364,-3349,35.607407222222,139.669402222222,http://togetter.com/li/185944,8
東京スープカレー歌舞伎町店,293,-104,586,-209,1172,-418,2343,-836,4687,-1671,9374,-3342,35.694184166667,139.700968611111,http://togetter.com/li/185944,8
スープカレー屋オオドリー,293,-105,586,-209,1172,-418,2344,-836,4688,-1673,9376,-3345,35.696066111111,139.761138611111,http://togetter.com/li/185944,8
スープカレーカムイ,293,-105,586,-209,1172,-418,2344,-836,4688,-1673,9377,-3345,35.695172222222,139.772640833333,http://togetter.com/li/185944,8
スープカリィ厨房ガネー舎,293,-105,586,-209,1172,-418,2343,-837,4687,-1674,9373,-3348,35.663216944444,139.756806666667,http://togetter.com/li/185944,8
東京らっきょブラザーズ,293,-104,586,-209,1172,-418,2344,-835,4688,-1671,9376,-3342,35.7062417,139.720302,http://togetter.com/li/185944,8
スープカレー 心,293,-104,586,-209,1171,-418,2342,-836,4685,-1672,9369,-3344,35.66341669,139.66851436,http://togetter.com/li/185944,8
Soup curry dining en,293,-105,585,-210,1171,-419,2341,-839,4682,-1677,9364,-3354,35.585967380608,139.72780997934,http://togetter.com/li/185944,8
パティヤラパレス　多摩,292,-104,585,-208,1169,-417,2339,-834,4678,-1668,9355,-3336,35.628905431568,139.43012445665,http://togetter.com/li/185944,8
パティヤラパレス　豪徳寺,293,-104,585,-209,1171,-418,2342,-836,4684,-1672,9367,-3344,35.65399830768,139.64697452579,http://togetter.com/li/185944,8
長崎グラバー亭,293,-104,586,-209,1171,-418,2343,-836,4685,-1673,9370,-3345,35.659735277778,139.695187222222,http://togetter.com/li/185882,5
轍,293,-104,586,-209,1171,-418,2343,-836,4685,-1673,9370,-3345,35.657521666667,139.693893055556,http://togetter.com/li/185882,5
和風つけ麺 轍,293,-104,586,-209,1171,-418,2343,-836,4685,-1673,9370,-3345,35.65752161,139.69389295,http://togetter.com/li/185882,5
中央軒道玄坂,293,-104,586,-209,1171,-418,2343,-836,4685,-1673,9370,-3346,35.656968888889,139.695176111111,http://togetter.com/li/185882,5
九州豚骨ちゃんぽん頃場,293,-105,587,-209,1173,-418,2346,-837,4693,-1673,9386,-3346,35.734481388889,139.880787777778,http://togetter.com/li/185882,5
北海豚骨麺屋銀鈴,293,-104,587,-208,1173,-417,2346,-834,4693,-1668,9385,-3336,35.789405555556,139.760109722222,http://togetter.com/li/185882,5
豚骨ラーメン　じゃぐら,293,-104,586,-209,1172,-417,2343,-835,4686,-1670,9372,-3339,35.70054595,139.64758422,http://togetter.com/li/185882,5
太陽のトマト麺,293,-105,586,-209,1172,-419,2345,-837,4689,-1674,9379,-3347,35.69557255,139.81032471,http://togetter.com/li/185882,5
太陽のトマト麺護国寺支店,293,-104,586,-209,1172,-418,2344,-835,4688,-1671,9377,-3341,35.718526666667,139.728184722222,http://togetter.com/li/185882,5
太陽のトマト麺大塚北口店,293,-104,586,-209,1172,-418,2345,-835,4689,-1670,9378,-3340,35.733613888889,139.726678888889,http://togetter.com/li/185882,5
太陽のトマト麺四谷二丁目店,293,-104,586,-209,1172,-418,2343,-836,4687,-1672,9374,-3344,35.687555000000,139.724155833333,http://togetter.com/li/185882,5
はやし家,293,-104,586,-209,1172,-418,2344,-835,4687,-1671,9374,-3342,35.699908611111,139.696546666667,http://togetter.com/li/185882,5
七志とんこつ編渋谷道玄坂店,293,-104,586,-209,1171,-418,2343,-836,4685,-1673,9370,-3346,35.658880000000,139.698089722222,http://togetter.com/li/185882,5
幸楽苑道玄坂店,293,-104,586,-209,1171,-418,2343,-836,4685,-1673,9370,-3346,35.658463333333,139.696715000000,http://togetter.com/li/185882,5
ティーヌンタイ国ラーメン渋谷道玄坂店,293,-104,586,-209,1171,-418,2343,-836,4685,-1673,9370,-3346,35.658013333333,139.699328611111,http://togetter.com/li/185882,5
中央軒道玄坂,293,-104,586,-209,1171,-418,2343,-836,4685,-1673,9370,-3346,35.656968888889,139.695176111111,http://togetter.com/li/185882,5
赤のれん麺徳,293,-105,586,-209,1172,-418,2344,-836,4688,-1672,9376,-3344,35.698487777778,139.750053055556,http://togetter.com/li/185882,5
赤のれん,293,-105,586,-209,1172,-418,2344,-837,4688,-1673,9375,-3347,35.681095555556,139.763630555556,http://togetter.com/li/185882,5
ぎょうざの満洲東久留米駅前店,293,-104,586,-208,1172,-416,2343,-832,4686,-1664,9373,-3328,35.761336111111,139.533727222222,http://togetter.com/li/185882,5
二代目えん寺,293,-104,586,-209,1172,-417,2343,-835,4686,-1670,9373,-3340,35.706626388889,139.666235000000,http://togetter.com/li/185882,5
すーぷ道・連,293,-104,586,-209,1173,-417,2345,-835,4690,-1669,9380,-3339,35.744534722222,139.728858611111,http://togetter.com/li/185882,5
浅草の寿司・創作料理店｜浅草すし賢｜スカイツリー 鮨 寿し 海鮮 宴会 グルメ ランチ おすすめ,293,-105,586,-209,1172,-418,2345,-836,4690,-1672,9380,-3344,35.7139567,139.792710,http://togetter.com/li/185443,13
沖縄 スローフード れきお 【 沖縄料理　居酒屋　グルメ　宴会　オススメ　和風居酒屋 ランチ 】,293,-104,586,-209,1171,-418,2342,-837,4684,-1674,9368,-3347,35.6414735,139.696871,http://togetter.com/li/185443,13
八じゅう　【 中目黒　お好み焼　もんじゃ　宴会　居酒屋　ビール 和風居酒屋　オススメ　グルメ 】,293,-104,586,-209,1171,-418,2342,-837,4684,-1674,9368,-3347,35.6422651,139.697912,http://togetter.com/li/185443,13
九州豚骨ちゃんぽん頃場,293,-105,587,-209,1173,-418,2346,-837,4693,-1673,9386,-3346,35.734481388889,139.880787777778,http://togetter.com/li/185443,13
北海豚骨麺屋銀鈴,293,-104,587,-208,1173,-417,2346,-834,4693,-1668,9385,-3336,35.789405555556,139.760109722222,http://togetter.com/li/185443,13
豚骨ラーメン　じゃぐら,293,-104,586,-209,1172,-417,2343,-835,4686,-1670,9372,-3339,35.70054595,139.64758422,http://togetter.com/li/185443,13
太陽のトマト麺,293,-105,586,-209,1172,-419,2345,-837,4689,-1674,9379,-3347,35.69557255,139.81032471,http://togetter.com/li/185443,13
太陽のトマト麺護国寺支店,293,-104,586,-209,1172,-418,2344,-835,4688,-1671,9377,-3341,35.718526666667,139.728184722222,http://togetter.com/li/185443,13
太陽のトマト麺水道橋支店,293,-105,586,-209,1172,-418,2344,-836,4688,-1672,9377,-3344,35.701373611111,139.753222222222,http://togetter.com/li/185443,13
纏寿司,293,-105,586,-209,1171,-419,2343,-837,4686,-1674,9372,-3349,35.656014722222,139.753901666667,http://togetter.com/li/185443,13
パブクラブ纏,293,-105,586,-209,1172,-418,2344,-836,4688,-1673,9376,-3346,35.692578055556,139.770721388889,http://togetter.com/li/185443,13
纒鮨,293,-105,586,-209,1172,-418,2343,-837,4686,-1673,9372,-3347,35.664721666667,139.729947777778,http://togetter.com/li/185443,13
太陽のトマト麺大塚北口店,293,-104,586,-209,1172,-418,2345,-835,4689,-1670,9378,-3340,35.733613888889,139.726678888889,http://togetter.com/li/185443,13
太陽のトマト麺四谷二丁目店,293,-104,586,-209,1172,-418,2343,-836,4687,-1672,9374,-3344,35.687555000000,139.724155833333,http://togetter.com/li/185443,13
纏,293,-105,586,-209,1172,-418,2343,-837,4687,-1673,9373,-3346,35.675929959179,139.73692481428,http://togetter.com/li/185443,13
纏,293,-105,586,-209,1172,-418,2343,-837,4687,-1673,9373,-3346,35.67589274,139.73687177,http://togetter.com/li/185443,13
秘蔵ばくれん,293,-105,586,-209,1173,-418,2345,-837,4690,-1673,9379,-3347,35.702524444444,139.814762500000,http://togetter.com/li/185443,13
桜坂,293,-105,586,-209,1172,-418,2343,-837,4687,-1674,9374,-3347,35.669621944444,139.761681111111,http://togetter.com/li/185443,13
桜坂　浜松町店,293,-105,586,-209,1171,-419,2343,-837,4686,-1674,9372,-3349,35.654240000000,139.756143055556,http://togetter.com/li/185443,13
桜坂,293,-105,586,-209,1172,-419,2345,-837,4689,-1674,9379,-3348,35.694128333333,139.816976666667,http://togetter.com/li/185443,13
スキヤ橋センター　名店会銀座トリコロール,293,-105,586,-209,1172,-418,2343,-837,4687,-1674,9374,-3347,35.672246666667,139.761694722222,http://togetter.com/li/185443,13
串鐡名店ビル店,293,-104,586,-209,1172,-418,2344,-835,4688,-1670,9375,-3341,35.713046111111,139.705142500000,http://togetter.com/li/185443,13
東京カレー屋名店会,293,-105,586,-209,1172,-418,2344,-837,4687,-1674,9375,-3347,35.674393611111,139.763838888889,http://togetter.com/li/185443,13
7025 Franklin Ave フランクリンアベニュー,293,-105,586,-209,1171,-419,2342,-838,4684,-1675,9368,-3350,35.62589259,139.72956589,http://togetter.com/li/185443,13
朱雀門,293,-105,586,-209,1172,-418,2344,-837,4689,-1673,9377,-3346,35.698060833333,139.778665555556,http://togetter.com/li/185443,13
朱雀門,293,-104,586,-209,1172,-417,2345,-834,4689,-1669,9379,-3337,35.749466944444,139.704110555556,http://togetter.com/li/185443,13
ムルギー,293,-104,586,-209,1171,-418,2343,-836,4685,-1673,9370,-3346,35.658960277778,139.696565000000,http://togetter.com/li/185443,13
韓国料理＆Ｃａｆｅ＆ＤｉｎｎｉｎｇＢａｒ　ＳＥＯ　中目黒店,293,-104,586,-209,1171,-418,2342,-837,4685,-1673,9369,-3347,35.6472950,139.696720,http://togetter.com/li/185443,13
お腹袋,293,-104,586,-209,1172,-418,2344,-836,4688,-1672,9376,-3344,35.700406944444,139.742075833333,http://togetter.com/li/185443,13
ステーキハウスおなかいっぱい,293,-104,586,-209,1172,-417,2344,-835,4687,-1670,9374,-3340,35.707129722222,139.686061111111,http://togetter.com/li/185443,13
味王中野店,293,-104,586,-209,1172,-417,2343,-835,4687,-1670,9373,-3340,35.707701111111,139.666498888889,http://togetter.com/li/185443,13
ランチタイム,293,-104,585,-209,1170,-418,2340,-835,4681,-1670,9362,-3339,35.654532222222,139.542650277778,http://togetter.com/li/185443,13
大酋長,293,-105,586,-209,1172,-418,2345,-836,4689,-1672,9378,-3345,35.699099444444,139.775157222222,http://togetter.com/li/185443,13
大酋長,293,-105,586,-209,1172,-418,2345,-836,4689,-1672,9378,-3345,35.699099444444,139.775157222222,http://togetter.com/li/185443,13
大酋長,293,-105,586,-209,1172,-418,2345,-836,4689,-1672,9378,-3345,35.699099444444,139.775157222222,http://togetter.com/li/185443,13
ファイヤーハウス,293,-105,586,-209,1172,-418,2344,-836,4689,-1672,9377,-3344,35.707589722222,139.758163055556,http://togetter.com/li/185443,13
クア・アイナ五反田店,293,-105,586,-209,1171,-419,2342,-837,4684,-1675,9368,-3350,35.624067777778,139.722738888889,http://togetter.com/li/185443,13
クア・アイナ渋谷宮益坂店,293,-104,586,-209,1171,-418,2343,-836,4685,-1673,9370,-3346,35.660560277778,139.705214166667,http://togetter.com/li/185443,13
クア・アイナ,293,-104,586,-209,1171,-418,2343,-836,4685,-1673,9371,-3346,35.662821388889,139.710874722222,http://togetter.com/li/185443,13
クア・アイナ神田駿河台店,293,-105,586,-209,1172,-418,2344,-836,4688,-1673,9377,-3345,35.696055000000,139.763941111111,http://togetter.com/li/185443,13
ＫＵＡ・ＡＩＮＡ丸ビル店,293,-105,586,-209,1172,-418,2344,-837,4688,-1673,9375,-3347,35.681095555556,139.763630555556,http://togetter.com/li/185443,13
チーズケーキファクトリー赤羽店,293,-104,586,-209,1173,-417,2346,-834,4691,-1668,9383,-3335,35.778902777778,139.720749722222,http://togetter.com/li/185443,13
町田のチーズフォンデュが旨い店!　Jamming　Dining,292,-105,584,-209,1169,-418,2337,-836,4674,-1673,9347,-3346,35.541833899285,139.45129509239,http://togetter.com/li/185443,13
サロンドテチーズ王国,293,-104,585,-208,1170,-416,2341,-832,4681,-1664,9363,-3328,35.711719444444,139.422275277778,http://togetter.com/li/185443,13
チーズケーキカフェ新宿アルタ店,293,-104,586,-209,1172,-418,2343,-836,4687,-1671,9373,-3343,35.692620555556,139.701290833333,http://togetter.com/li/185443,13
神田　個室　発酵所　鍛冶二丁　〜味噌・チーズのお店〜,293,-105,586,-209,1172,-418,2344,-837,4688,-1673,9376,-3346,35.6915447203,139.77142972205,http://togetter.com/li/185443,13
チーズケーキファクトリーヴィーナスフォート店,293,-105,586,-209,1171,-419,2343,-838,4685,-1676,9370,-3353,35.625327500000,139.780611666667,http://togetter.com/li/185443,13
オーガニック＆チーズ　フレンチレストラン　J z　GARDEN　GINZA,293,-105,586,-209,1172,-418,2344,-837,4687,-1674,9374,-3348,35.668752347337,139.76741415845,http://togetter.com/li/185443,13
ヨハン・チーズケーキ,293,-104,586,-209,1171,-418,2342,-837,4684,-1674,9369,-3347,35.645709166667,139.698490277778,http://togetter.com/li/185443,13
オーガニック＆チーズフレンチ　個室レストラン　ジェイズ,293,-104,586,-209,1172,-418,2343,-836,4687,-1671,9374,-3342,35.693134491048,139.70438091535,http://togetter.com/li/185443,13
西荻窪　CHEESE　DINING　JI★RAKU　チーズフォンデュとグラタンのお店,293,-104,586,-208,1171,-417,2343,-834,4685,-1668,9370,-3337,35.703605461708,139.60136228433,http://togetter.com/li/185443,13
アドベンチャーカフェギルド,293,-104,586,-209,1173,-417,2345,-835,4691,-1669,9381,-3338,35.755506111111,139.738229722222,http://togetter.com/li/185443,13
有限会社ジャパンベンチャーシステム,293,-105,586,-210,1172,-419,2345,-838,4689,-1677,9378,-3353,35.662034166667,139.872643888889,http://togetter.com/li/185443,13
アドベンチャー,293,-105,586,-209,1172,-418,2343,-837,4686,-1673,9372,-3347,35.663171666667,139.732811388889,http://togetter.com/li/185443,13
赤のれん,293,-104,586,-208,1172,-417,2345,-833,4689,-1666,9379,-3331,35.778575833333,139.638603888889,http://togetter.com/li/185443,13
赤のれん,293,-105,587,-209,1173,-418,2347,-836,4694,-1672,9388,-3343,35.766807222222,139.869823611111,http://togetter.com/li/185443,13
赤のれん,293,-105,586,-209,1173,-418,2345,-836,4690,-1672,9380,-3344,35.723869722222,139.792340555556,http://togetter.com/li/185443,13
赤のれん麺徳,293,-105,586,-209,1172,-418,2344,-836,4688,-1672,9376,-3344,35.698487777778,139.750053055556,http://togetter.com/li/185443,13
赤のれん,293,-104,586,-208,1171,-417,2343,-834,4685,-1669,9371,-3337,35.705658333333,139.618978055556,http://togetter.com/li/185443,13
赤のれん,293,-105,586,-209,1172,-418,2344,-837,4688,-1673,9375,-3347,35.681095555556,139.763630555556,http://togetter.com/li/185443,13
鳴門ご予約・お問い合わせ,293,-105,586,-209,1172,-418,2343,-837,4687,-1674,9374,-3348,35.668024722222,139.762433888889,http://togetter.com/li/185443,13
ハンバーガーｓｈｏｐ　Ｂ．Ｂ．Ｂ．,293,-104,585,-208,1171,-416,2341,-833,4682,-1666,9364,-3332,35.70208,139.484009,http://togetter.com/li/185443,13
エリックスハンバーガーショップ,293,-104,585,-209,1171,-418,2342,-836,4683,-1673,9367,-3345,35.643328055556,139.661776666667,http://togetter.com/li/185443,13
