京都国際マンガミュージアム,285,-101,570,-202,1141,-404,2282,-807,4564,-1615,9128,-3229,35.010213888889,135.758502222222,http://b.hatena.ne.jp/articles/200909/435,543,京都人がおすすめする、ちょっと変わった観光案内 - はてなブックマークニュース
京都精華大学　京都国際マンガミュージアム,285,-101,570,-202,1141,-404,2282,-807,4564,-1615,9128,-3229,35.010213888889,135.758502222222,http://b.hatena.ne.jp/articles/200909/435,543,京都人がおすすめする、ちょっと変わった観光案内 - はてなブックマークニュース
京都国際マンガミュージアム,285,-101,570,-202,1141,-404,2282,-807,4564,-1615,9128,-3229,35.01136093,135.75944642,http://b.hatena.ne.jp/articles/200909/435,543,京都人がおすすめする、ちょっと変わった観光案内 - はてなブックマークニュース
京都精華大学　京都国際マンガミュージアム事業推進室,285,-101,570,-202,1141,-404,2282,-807,4564,-1614,9128,-3229,35.013794166667,135.759351944444,http://b.hatena.ne.jp/articles/200909/435,543,京都人がおすすめする、ちょっと変わった観光案内 - はてなブックマークニュース
ギャルリー宮脇,285,-101,570,-202,1141,-404,2282,-807,4564,-1614,9127,-3229,35.009309722222,135.747955277778,http://b.hatena.ne.jp/articles/200909/435,543,京都人がおすすめする、ちょっと変わった観光案内 - はてなブックマークニュース
ソワレ,285,-101,570,-201,1140,-403,2280,-805,4560,-1610,9120,-3221,35.010905555556,135.576052777778,http://b.hatena.ne.jp/articles/200909/435,543,京都人がおすすめする、ちょっと変わった観光案内 - はてなブックマークニュース
喫茶ソワレ,285,-101,570,-202,1141,-404,2281,-808,4563,-1615,9126,-3230,34.993090000000,135.749338611111,http://b.hatena.ne.jp/articles/200909/435,543,京都人がおすすめする、ちょっと変わった観光案内 - はてなブックマークニュース
ソワ・レディース鍼灸院,284,-102,569,-203,1138,-407,2277,-813,4554,-1626,9107,-3253,34.780914722222,135.788156944444,http://b.hatena.ne.jp/articles/200909/435,543,京都人がおすすめする、ちょっと変わった観光案内 - はてなブックマークニュース
恵文社一乗寺店,285,-101,571,-202,1142,-403,2283,-807,4566,-1614,9132,-3227,35.043940833333,135.784846666667,http://b.hatena.ne.jp/articles/200909/435,543,京都人がおすすめする、ちょっと変わった観光案内 - はてなブックマークニュース
京都極楽堂書店,285,-101,570,-202,1141,-404,2282,-808,4564,-1616,9128,-3231,34.995931666667,135.780164166667,http://b.hatena.ne.jp/articles/200909/435,543,京都人がおすすめする、ちょっと変わった観光案内 - はてなブックマークニュース
河井寛次郎記念館,285,-101,570,-202,1141,-404,2282,-808,4563,-1616,9127,-3231,34.993559722222,135.774373333333,http://b.hatena.ne.jp/articles/201003/989,341,春の京都へおいでやす！京阪電車で巡るマニアックな京都観光 - はてなブックマークニュース
何必館・京都現代美術館,285,-101,570,-202,1141,-404,2282,-808,4564,-1615,9128,-3230,35.00409212,135.77544230,http://b.hatena.ne.jp/articles/201003/989,341,春の京都へおいでやす！京阪電車で巡るマニアックな京都観光 - はてなブックマークニュース
何必館・京都現代美術館,285,-101,570,-202,1141,-404,2282,-808,4564,-1615,9128,-3230,35.004092222222,135.775442222222,http://b.hatena.ne.jp/articles/201003/989,341,春の京都へおいでやす！京阪電車で巡るマニアックな京都観光 - はてなブックマークニュース
東福寺,285,-101,570,-202,1141,-404,2281,-808,4563,-1616,9125,-3233,34.97679470,135.77132116,http://b.hatena.ne.jp/articles/201011/1871,206,名所から穴場まで！京都在住ライターが選ぶ、オススメ紅葉スポット6ヶ所 - はてなブックマークニュース
東福寺塔頭　龍吟庵,285,-101,570,-202,1141,-404,2281,-808,4563,-1616,9125,-3233,34.97679470,135.77132116,http://b.hatena.ne.jp/articles/201011/1871,206,名所から穴場まで！京都在住ライターが選ぶ、オススメ紅葉スポット6ヶ所 - はてなブックマークニュース
東福寺塔頭・退耕庵,285,-101,570,-202,1141,-404,2281,-808,4563,-1616,9126,-3232,34.97950832,135.77179330,http://b.hatena.ne.jp/articles/201011/1871,206,名所から穴場まで！京都在住ライターが選ぶ、オススメ紅葉スポット6ヶ所 - はてなブックマークニュース
東福寺塔頭・即宗院,285,-101,570,-202,1141,-404,2282,-808,4563,-1616,9126,-3233,34.97725033,135.77533457,http://b.hatena.ne.jp/articles/201011/1871,206,名所から穴場まで！京都在住ライターが選ぶ、オススメ紅葉スポット6ヶ所 - はてなブックマークニュース
東福寺駅/奈良線,285,-101,570,-202,1141,-404,2281,-808,4563,-1616,9126,-3232,34.98140717,135.7696991,http://b.hatena.ne.jp/articles/201011/1871,206,名所から穴場まで！京都在住ライターが選ぶ、オススメ紅葉スポット6ヶ所 - はてなブックマークニュース
永観堂（禅林寺）,285,-101,571,-202,1141,-404,2282,-808,4565,-1615,9130,-3230,35.01501639,135.79477647,http://b.hatena.ne.jp/articles/201011/1871,206,名所から穴場まで！京都在住ライターが選ぶ、オススメ紅葉スポット6ヶ所 - はてなブックマークニュース
曼殊院門跡,285,-101,571,-202,1142,-403,2283,-807,4567,-1614,9134,-3227,35.04890439,135.80294220,http://b.hatena.ne.jp/articles/201011/1871,206,名所から穴場まで！京都在住ライターが選ぶ、オススメ紅葉スポット6ヶ所 - はてなブックマークニュース
祇王寺,285,-101,570,-202,1141,-403,2281,-806,4562,-1612,9125,-3224,35.02340286,135.66675863,http://b.hatena.ne.jp/articles/201011/1871,206,名所から穴場まで！京都在住ライターが選ぶ、オススメ紅葉スポット6ヶ所 - はてなブックマークニュース
善峯寺,285,-101,570,-202,1139,-404,2279,-808,4558,-1615,9116,-3231,34.93801559,135.64407525,http://b.hatena.ne.jp/articles/201011/1871,206,名所から穴場まで！京都在住ライターが選ぶ、オススメ紅葉スポット6ヶ所 - はてなブックマークニュース
醍醐寺,285,-101,570,-202,1140,-405,2281,-809,4562,-1619,9125,-3237,34.95216818,135.81934333,http://b.hatena.ne.jp/articles/201011/1871,206,名所から穴場まで！京都在住ライターが選ぶ、オススメ紅葉スポット6ヶ所 - はてなブックマークニュース
朋友軒,293,-105,585,-210,1171,-419,2341,-838,4683,-1676,9365,-3352,35.604436388889,139.715895555556,http://d.hatena.ne.jp/thyself2005/20090615/p1,48,孤独のグルメの第16話に登場！池袋西武屋上のうどん屋「かるかや」 - 己【おれ】
朋友,293,-105,585,-210,1171,-419,2342,-838,4683,-1676,9367,-3352,35.607514444444,139.735855000000,http://d.hatena.ne.jp/thyself2005/20090615/p1,48,孤独のグルメの第16話に登場！池袋西武屋上のうどん屋「かるかや」 - 己【おれ】
みさと,293,-104,585,-209,1171,-417,2342,-834,4684,-1668,9368,-3336,35.693483611111,139.567396666667,http://d.hatena.ne.jp/thyself2005/20110727/p1,33,孤独のグルメの主人公がありつけなかった居酒屋「みさと」のお茶漬け他＠東京・三鷹 - 己【おれ】
京都ホルモン,285,-101,570,-202,1141,-404,2282,-807,4564,-1614,9127,-3229,35.009309722222,135.747955277778,http://hosutesu.org/diary/rarity-gourmet-in-kyoto/,804,京都の絶品グルメ　私のベスト17 | 祇園ホステスのネットビジネス挑戦ブログ
わさび,285,-101,570,-202,1141,-404,2282,-808,4564,-1615,9128,-3230,35.004594722222,135.773825833333,http://hosutesu.org/diary/rarity-gourmet-in-kyoto/,804,京都の絶品グルメ　私のベスト17 | 祇園ホステスのネットビジネス挑戦ブログ
味ろっこん烏丸店,285,-101,570,-202,1141,-404,2282,-807,4564,-1615,9127,-3230,35.004786388889,135.758718888889,http://hosutesu.org/diary/rarity-gourmet-in-kyoto/,804,京都の絶品グルメ　私のベスト17 | 祇園ホステスのネットビジネス挑戦ブログ
ろっこん居酒屋,285,-101,570,-202,1141,-404,2281,-808,4563,-1615,9126,-3230,34.993090000000,135.749338611111,http://hosutesu.org/diary/rarity-gourmet-in-kyoto/,804,京都の絶品グルメ　私のベスト17 | 祇園ホステスのネットビジネス挑戦ブログ
開陽亭,285,-101,570,-202,1141,-404,2282,-807,4564,-1614,9127,-3229,35.009309722222,135.747955277778,http://hosutesu.org/diary/rarity-gourmet-in-kyoto/,804,京都の絶品グルメ　私のベスト17 | 祇園ホステスのネットビジネス挑戦ブログ
株式会社イノダコーヒ　本店,285,-101,570,-202,1141,-404,2282,-807,4564,-1614,9127,-3229,35.009309722222,135.747955277778,http://hosutesu.org/diary/rarity-gourmet-in-kyoto/,804,京都の絶品グルメ　私のベスト17 | 祇園ホステスのネットビジネス挑戦ブログ
居酒屋燔,285,-101,570,-202,1140,-405,2281,-809,4561,-1619,9122,-3238,34.932455000000,135.785521388889,http://hosutesu.org/diary/rarity-gourmet-in-kyoto/,804,京都の絶品グルメ　私のベスト17 | 祇園ホステスのネットビジネス挑戦ブログ
長楽館カフェ,285,-101,570,-202,1141,-404,2282,-808,4564,-1615,9128,-3231,35.003150532291,135.78010575871,http://hosutesu.org/kyoto/food/guide-to-good-eating/,62,京都のおすすめグルメ24選 | 祇園ホステスのネットビジネス挑戦ブログ
長楽館　イタリアン　コーラル,285,-101,570,-202,1141,-404,2282,-808,4564,-1615,9128,-3231,35.0031505,135.780106,http://hosutesu.org/kyoto/food/guide-to-good-eating/,62,京都のおすすめグルメ24選 | 祇園ホステスのネットビジネス挑戦ブログ
長楽館,285,-101,570,-202,1141,-404,2282,-808,4563,-1616,9127,-3232,34.990405555556,135.778040555556,http://hosutesu.org/kyoto/food/guide-to-good-eating/,62,京都のおすすめグルメ24選 | 祇園ホステスのネットビジネス挑戦ブログ
天楽,285,-101,571,-202,1141,-404,2283,-807,4566,-1614,9131,-3229,35.026326388889,135.791940277778,http://hosutesu.org/kyoto/food/guide-to-good-eating/,62,京都のおすすめグルメ24選 | 祇園ホステスのネットビジネス挑戦ブログ
天楽,286,-100,572,-201,1143,-402,2286,-804,4572,-1608,9144,-3216,35.163801388889,135.793204166667,http://hosutesu.org/kyoto/food/guide-to-good-eating/,62,京都のおすすめグルメ24選 | 祇園ホステスのネットビジネス挑戦ブログ
もつ鍋寅屋,285,-101,570,-202,1141,-404,2282,-807,4564,-1614,9127,-3229,35.009309722222,135.747955277778,http://hosutesu.org/kyoto/food/guide-to-good-eating/,62,京都のおすすめグルメ24選 | 祇園ホステスのネットビジネス挑戦ブログ
尾張屋本家四条店,285,-101,570,-202,1141,-404,2282,-807,4564,-1615,9128,-3230,35.003564444444,135.767245833333,http://hosutesu.org/kyoto/food/guide-to-good-eating/,62,京都のおすすめグルメ24選 | 祇園ホステスのネットビジネス挑戦ブログ
尾張屋,285,-101,570,-202,1141,-403,2282,-807,4565,-1613,9129,-3227,35.029884166667,135.748952777778,http://hosutesu.org/kyoto/food/guide-to-good-eating/,62,京都のおすすめグルメ24選 | 祇園ホステスのネットビジネス挑戦ブログ
尾張屋本家烏丸店,285,-101,570,-202,1141,-404,2282,-807,4564,-1614,9127,-3229,35.009309722222,135.747955277778,http://hosutesu.org/kyoto/food/guide-to-good-eating/,62,京都のおすすめグルメ24選 | 祇園ホステスのネットビジネス挑戦ブログ
尾張屋,285,-101,570,-202,1141,-404,2282,-807,4564,-1614,9127,-3229,35.009309722222,135.747955277778,http://hosutesu.org/kyoto/food/guide-to-good-eating/,62,京都のおすすめグルメ24選 | 祇園ホステスのネットビジネス挑戦ブログ
尾張屋本家本店,285,-101,570,-202,1141,-404,2282,-807,4564,-1614,9127,-3229,35.009309722222,135.747955277778,http://hosutesu.org/kyoto/food/guide-to-good-eating/,62,京都のおすすめグルメ24選 | 祇園ホステスのネットビジネス挑戦ブログ
尾張屋,285,-101,571,-201,1142,-402,2283,-805,4567,-1609,9134,-3219,35.096861388889,135.709863055556,http://hosutesu.org/kyoto/food/guide-to-good-eating/,62,京都のおすすめグルメ24選 | 祇園ホステスのネットビジネス挑戦ブログ
晦庵河道屋北大路店,285,-101,571,-201,1142,-403,2283,-806,4566,-1613,9131,-3226,35.044804722222,135.758365833333,http://hosutesu.org/kyoto/food/guide-to-good-eating/,62,京都のおすすめグルメ24選 | 祇園ホステスのネットビジネス挑戦ブログ
河道屋晦庵本店,285,-101,570,-202,1141,-404,2282,-807,4564,-1614,9127,-3229,35.009309722222,135.747955277778,http://hosutesu.org/kyoto/food/guide-to-good-eating/,62,京都のおすすめグルメ24選 | 祇園ホステスのネットビジネス挑戦ブログ
晦庵河道屋,285,-101,570,-202,1141,-404,2282,-807,4564,-1614,9127,-3229,35.009309722222,135.747955277778,http://hosutesu.org/kyoto/food/guide-to-good-eating/,62,京都のおすすめグルメ24選 | 祇園ホステスのネットビジネス挑戦ブログ
夢屋,286,-100,572,-201,1143,-402,2286,-804,4572,-1608,9144,-3216,35.163801388889,135.793204166667,http://hosutesu.org/kyoto/food/guide-to-good-eating/,62,京都のおすすめグルメ24選 | 祇園ホステスのネットビジネス挑戦ブログ
きんなべ,285,-101,570,-202,1141,-404,2282,-808,4563,-1616,9127,-3232,34.990405555556,135.778040555556,http://hosutesu.org/kyoto/food/guide-to-good-eating/,62,京都のおすすめグルメ24選 | 祇園ホステスのネットビジネス挑戦ブログ
ａｖｏｃａｆｅ,293,-105,586,-209,1172,-418,2344,-836,4688,-1673,9376,-3345,35.696516111111,139.759913611111,http://kanda-curry.com/,43,神田カレーグランプリ
スープカレー屋オオドリー,293,-105,586,-209,1172,-418,2344,-836,4688,-1673,9376,-3345,35.696066111111,139.761138611111,http://kanda-curry.com/,43,神田カレーグランプリ
インドカレー・カーマ,293,-105,586,-209,1172,-418,2344,-836,4688,-1672,9376,-3345,35.697382777778,139.759619166667,http://kanda-curry.com/,43,神田カレーグランプリ
ガネーシャガル　御茶ノ水店,293,-105,586,-209,1172,-418,2344,-836,4688,-1673,9376,-3345,35.694101689273,139.76246820852,http://kanda-curry.com/,43,神田カレーグランプリ
ガネーシャ・ガルお茶の水店,293,-105,586,-209,1172,-418,2344,-836,4688,-1673,9376,-3345,35.694038611111,139.762371944444,http://kanda-curry.com/,43,神田カレーグランプリ
インド料理ガンディーマハル,293,-105,586,-209,1172,-418,2344,-836,4688,-1673,9377,-3345,35.695474722222,139.765341111111,http://kanda-curry.com/,43,神田カレーグランプリ
キッチンカロリー,293,-105,586,-209,1172,-418,2344,-836,4688,-1673,9376,-3345,35.696066111111,139.761138611111,http://kanda-curry.com/,43,神田カレーグランプリ
キッチンカロリー,293,-105,586,-209,1172,-418,2344,-836,4689,-1672,9377,-3345,35.699629722222,139.763346666667,http://kanda-curry.com/,43,神田カレーグランプリ
カレーハウスＣｏＣｏ壱番屋秋葉原国道４号店,293,-105,586,-209,1172,-418,2345,-836,4689,-1672,9378,-3345,35.699991111111,139.775176666667,http://kanda-curry.com/,43,神田カレーグランプリ
カレーハウスＣｏＣｏ壱番屋ＪＲ飯田橋駅西口店,293,-104,586,-209,1172,-418,2344,-836,4688,-1672,9376,-3344,35.699159722222,139.744889722222,http://kanda-curry.com/,43,神田カレーグランプリ
カレーハウスＣｏＣｏ壱番屋神田駅西口店,293,-105,586,-209,1172,-418,2344,-836,4688,-1673,9376,-3346,35.691211388889,139.769279722222,http://kanda-curry.com/,43,神田カレーグランプリ
カレーハウスＣｏＣｏ壱番屋千代田区専大通店,293,-105,586,-209,1172,-418,2344,-836,4688,-1672,9376,-3345,35.698032500000,139.754375000000,http://kanda-curry.com/,43,神田カレーグランプリ
カレーハウスＣｏＣｏ壱番屋千代田区神保町白山通店,293,-105,586,-209,1172,-418,2344,-836,4688,-1672,9376,-3345,35.697915833333,139.756794166667,http://kanda-curry.com/,43,神田カレーグランプリ
カレーハウスＣｏＣｏ壱番屋神田駅北口店,293,-105,586,-209,1172,-418,2344,-836,4688,-1673,9377,-3345,35.693411111111,139.770740833333,http://kanda-curry.com/,43,神田カレーグランプリ
カレーハウスＣｏＣｏ壱番屋ＪＲ秋葉原駅昭和通り口店,293,-105,586,-209,1172,-418,2345,-836,4689,-1673,9378,-3345,35.698302500000,139.775993333333,http://kanda-curry.com/,43,神田カレーグランプリ
カレーハウスＣｏＣｏ壱番屋東京メトロ末広町駅前店,293,-105,586,-209,1172,-418,2344,-836,4689,-1672,9377,-3345,35.703288055556,139.771407222222,http://kanda-curry.com/,43,神田カレーグランプリ
カレーハウスＣｏＣｏ壱番屋飯田橋目白通店,293,-105,586,-209,1172,-418,2344,-836,4688,-1672,9376,-3344,35.698757222222,139.749750277778,http://kanda-curry.com/,43,神田カレーグランプリ
シディーク,293,-105,586,-209,1172,-418,2344,-836,4688,-1672,9376,-3345,35.695655000000,139.755861111111,http://kanda-curry.com/,43,神田カレーグランプリ
シディークＡＫＩＢＡカレー館,293,-105,586,-209,1172,-418,2344,-836,4689,-1672,9377,-3345,35.702238055556,139.771398888889,http://kanda-curry.com/,43,神田カレーグランプリ
アジアンダイニングシディーク靖国神社前店,293,-105,586,-209,1172,-418,2344,-836,4688,-1672,9375,-3345,35.692946666667,139.742942777778,http://kanda-curry.com/,43,神田カレーグランプリ
シディーク半蔵門店,293,-105,586,-209,1172,-418,2344,-836,4687,-1673,9374,-3346,35.680645000000,139.741712777778,http://kanda-curry.com/,43,神田カレーグランプリ
アジアン居酒屋シディーク九段店,293,-105,586,-209,1172,-418,2344,-836,4688,-1672,9376,-3344,35.694216111111,139.746731388889,http://kanda-curry.com/,43,神田カレーグランプリ
学士会館セブンズ・ハウス,293,-105,586,-209,1172,-418,2344,-836,4688,-1673,9376,-3345,35.693344166667,139.759024722222,http://kanda-curry.com/,43,神田カレーグランプリ
タレカツ,293,-105,586,-209,1172,-418,2344,-836,4688,-1672,9377,-3344,35.699601666667,139.755763611111,http://kanda-curry.com/,43,神田カレーグランプリ
智爺坊,293,-105,586,-209,1172,-418,2344,-836,4688,-1673,9376,-3345,35.695599444444,139.759860833333,http://kanda-curry.com/,43,神田カレーグランプリ
哲麺　神保町店,293,-105,586,-209,1172,-418,2344,-836,4688,-1673,9376,-3345,35.695820145236,139.76041387861,http://kanda-curry.com/,43,神田カレーグランプリ
どまん中,293,-105,586,-209,1172,-418,2344,-836,4688,-1672,9377,-3344,35.698229722222,139.756771944444,http://kanda-curry.com/,43,神田カレーグランプリ
ボーイズ,293,-105,586,-209,1172,-418,2344,-836,4688,-1672,9376,-3345,35.696185555556,139.755963888889,http://kanda-curry.com/,43,神田カレーグランプリ
マンダラ,293,-105,586,-209,1172,-418,2344,-836,4688,-1672,9376,-3345,35.695041111111,139.757702777778,http://kanda-curry.com/,43,神田カレーグランプリ
椿屋珈琲店銀座本店,293,-105,586,-209,1172,-418,2343,-837,4687,-1674,9374,-3347,35.669002500000,139.761820000000,http://matome.naver.jp/odai/2126829617284434401,1541,【東京】深夜から朝まで居られるカフェ - NAVER まとめ
株式会社アマンド　六本木店,293,-105,586,-209,1172,-418,2343,-837,4686,-1673,9372,-3347,35.662938611111,139.732211666667,http://matome.naver.jp/odai/2126829617284434401,1541,【東京】深夜から朝まで居られるカフェ - NAVER まとめ
ａｍｉｃｏ,293,-104,586,-209,1171,-418,2342,-837,4685,-1673,9370,-3346,35.654338888889,139.702356388889,http://matome.naver.jp/odai/2126829617284434401,1541,【東京】深夜から朝まで居られるカフェ - NAVER まとめ
ホテル カンラ 京都,285,-101,570,-202,1141,-404,2281,-808,4563,-1615,9126,-3231,34.993781772889,135.75938593131,http://matome.naver.jp/odai/2131472516891901101,1923,【お泊りしたい！】京都で人気のおしゃれな 宿・ホテル・町屋 まとめ - NAVER まとめ
KIZASHI THE SUITE,285,-101,570,-202,1141,-404,2282,-808,4564,-1615,9128,-3231,35.003781037021,135.77577282741,http://matome.naver.jp/odai/2131472516891901101,1923,【お泊りしたい！】京都で人気のおしゃれな 宿・ホテル・町屋 まとめ - NAVER まとめ
ＫＩＺＡＳＨＩ・ＴＨＥ・ＳＵＩＴＥ,285,-101,570,-202,1141,-404,2282,-808,4564,-1615,9128,-3230,35.004142222222,135.775775555556,http://matome.naver.jp/odai/2131472516891901101,1923,【お泊りしたい！】京都で人気のおしゃれな 宿・ホテル・町屋 まとめ - NAVER まとめ
THE SCREEN,285,-101,570,-202,1141,-404,2282,-807,4565,-1614,9129,-3229,35.016835465757,135.76688446825,http://matome.naver.jp/odai/2131472516891901101,1923,【お泊りしたい！】京都で人気のおしゃれな 宿・ホテル・町屋 まとめ - NAVER まとめ
ＴＨＥ・ＳＣＲＥＥＮ,285,-101,570,-202,1141,-404,2282,-807,4564,-1614,9127,-3229,35.009309722222,135.747955277778,http://matome.naver.jp/odai/2131472516891901101,1923,【お泊りしたい！】京都で人気のおしゃれな 宿・ホテル・町屋 まとめ - NAVER まとめ
ヴィラージュ京都,285,-101,570,-202,1141,-404,2282,-807,4563,-1615,9127,-3229,35.004614118056,135.74716449769,http://matome.naver.jp/odai/2131472516891901101,1923,【お泊りしたい！】京都で人気のおしゃれな 宿・ホテル・町屋 まとめ - NAVER まとめ
ヴィラージュ京都,285,-101,570,-202,1141,-404,2282,-807,4563,-1615,9127,-3229,35.004389166667,135.747397777778,http://matome.naver.jp/odai/2131472516891901101,1923,【お泊りしたい！】京都で人気のおしゃれな 宿・ホテル・町屋 まとめ - NAVER まとめ
星のや　京都,285,-101,570,-202,1141,-403,2281,-806,4562,-1613,9124,-3225,35.011835288302,135.67522548692,http://matome.naver.jp/odai/2131472516891901101,1923,【お泊りしたい！】京都で人気のおしゃれな 宿・ホテル・町屋 まとめ - NAVER まとめ
星のや京都,285,-101,570,-202,1141,-403,2281,-806,4562,-1612,9125,-3224,35.015840000000,135.667967222222,http://matome.naver.jp/odai/2131472516891901101,1923,【お泊りしたい！】京都で人気のおしゃれな 宿・ホテル・町屋 まとめ - NAVER まとめ
星のや　京都,285,-101,570,-202,1141,-403,2281,-806,4562,-1612,9125,-3224,35.0163929,135.666611,http://matome.naver.jp/odai/2131472516891901101,1923,【お泊りしたい！】京都で人気のおしゃれな 宿・ホテル・町屋 まとめ - NAVER まとめ
株式会社俵屋旅館,285,-101,570,-202,1141,-404,2282,-807,4564,-1614,9127,-3229,35.009309722222,135.747955277778,http://matome.naver.jp/odai/2131472516891901101,1923,【お泊りしたい！】京都で人気のおしゃれな 宿・ホテル・町屋 まとめ - NAVER まとめ
柚子屋旅館,285,-101,570,-202,1141,-404,2282,-808,4564,-1615,9128,-3231,35.003225527037,135.77743934963,http://matome.naver.jp/odai/2131472516891901101,1923,【お泊りしたい！】京都で人気のおしゃれな 宿・ホテル・町屋 まとめ - NAVER まとめ
柚子屋旅館,285,-101,570,-202,1141,-404,2282,-808,4564,-1615,9128,-3231,35.003175555556,135.777567222222,http://matome.naver.jp/odai/2131472516891901101,1923,【お泊りしたい！】京都で人気のおしゃれな 宿・ホテル・町屋 まとめ - NAVER まとめ
洛陽荘,285,-101,571,-202,1141,-404,2282,-808,4565,-1615,9130,-3230,35.015058055556,135.788665833333,http://matome.naver.jp/odai/2131472516891901101,1923,【お泊りしたい！】京都で人気のおしゃれな 宿・ホテル・町屋 まとめ - NAVER まとめ
洛陽荘,285,-101,571,-202,1141,-404,2282,-808,4565,-1615,9130,-3230,35.014891291235,135.78854918248,http://matome.naver.jp/odai/2131472516891901101,1923,【お泊りしたい！】京都で人気のおしゃれな 宿・ホテル・町屋 まとめ - NAVER まとめ
京都上七軒　兆　別邸,285,-101,570,-202,1141,-403,2282,-807,4565,-1613,9129,-3226,35.029611752685,135.7379982366,http://matome.naver.jp/odai/2131472516891901101,1923,【お泊りしたい！】京都で人気のおしゃれな 宿・ホテル・町屋 まとめ - NAVER まとめ
京宿家　淳風　しらふじ庵,285,-101,570,-202,1141,-404,2282,-807,4563,-1615,9127,-3229,34.999892292815,135.74910889385,http://matome.naver.jp/odai/2131472516891901101,1923,【お泊りしたい！】京都で人気のおしゃれな 宿・ホテル・町屋 まとめ - NAVER まとめ
東京都立日比谷公園,293,-105,586,-209,1172,-418,2343,-837,4687,-1673,9374,-3347,35.67500997,139.75571741,http://matome.naver.jp/odai/2131745851431870501,54,都内でキレイな紅葉が見れるスポット＆散歩コース - NAVER まとめ
東京都建設局日比谷公園サービスセンター,293,-105,586,-209,1172,-418,2343,-837,4687,-1673,9374,-3347,35.675010000000,139.755717500000,http://matome.naver.jp/odai/2131745851431870501,54,都内でキレイな紅葉が見れるスポット＆散歩コース - NAVER まとめ
森のレストラン 日比谷 松本楼,293,-105,586,-209,1172,-418,2343,-837,4687,-1673,9374,-3347,35.67372402,139.75643407,http://matome.naver.jp/odai/2131745851431870501,54,都内でキレイな紅葉が見れるスポット＆散歩コース - NAVER まとめ
東日本高速道路株式会社　日比谷自動車駐車場,293,-105,586,-209,1172,-418,2343,-837,4687,-1673,9374,-3347,35.673723888889,139.756434166667,http://matome.naver.jp/odai/2131745851431870501,54,都内でキレイな紅葉が見れるスポット＆散歩コース - NAVER まとめ
日比谷野外音楽堂,293,-105,586,-209,1172,-418,2343,-837,4687,-1673,9374,-3347,35.671479722222,139.755386944444,http://matome.naver.jp/odai/2131745851431870501,54,都内でキレイな紅葉が見れるスポット＆散歩コース - NAVER まとめ
日比谷公会堂,293,-105,586,-209,1172,-418,2343,-837,4687,-1673,9374,-3347,35.671479722222,139.755386944444,http://matome.naver.jp/odai/2131745851431870501,54,都内でキレイな紅葉が見れるスポット＆散歩コース - NAVER まとめ
日本交通株式会社　ハイヤー営業所日比谷,293,-105,586,-209,1172,-418,2343,-837,4687,-1673,9374,-3347,35.673723888889,139.756434166667,http://matome.naver.jp/odai/2131745851431870501,54,都内でキレイな紅葉が見れるスポット＆散歩コース - NAVER まとめ
大和自動車交通株式会社　ハイヤー営業所日比谷,293,-105,586,-209,1172,-418,2343,-837,4687,-1673,9374,-3347,35.673723888889,139.756434166667,http://matome.naver.jp/odai/2131745851431870501,54,都内でキレイな紅葉が見れるスポット＆散歩コース - NAVER まとめ
東京都建設局日比谷公会堂・大音楽堂管理事務所,293,-105,586,-209,1172,-418,2343,-837,4687,-1673,9374,-3347,35.671479722222,139.755386944444,http://matome.naver.jp/odai/2131745851431870501,54,都内でキレイな紅葉が見れるスポット＆散歩コース - NAVER まとめ
国立科学博物館附属自然教育園,293,-105,586,-209,1171,-419,2342,-837,4684,-1675,9369,-3349,35.636002222222,139.721296944444,http://matome.naver.jp/odai/2131745851431870501,54,都内でキレイな紅葉が見れるスポット＆散歩コース - NAVER まとめ
国立科学博物館付属自然教育園,293,-105,586,-209,1171,-419,2342,-837,4684,-1675,9369,-3349,35.63600236,139.72129687,http://matome.naver.jp/odai/2131745851431870501,54,都内でキレイな紅葉が見れるスポット＆散歩コース - NAVER まとめ
有栖川宮記念公園,293,-105,586,-209,1171,-419,2343,-837,4685,-1674,9370,-3348,35.65125073,139.72629588,http://matome.naver.jp/odai/2131745851431870501,54,都内でキレイな紅葉が見れるスポット＆散歩コース - NAVER まとめ
ニッポンレンタカー新宿御苑前営業所,293,-104,586,-209,1172,-418,2343,-836,4687,-1672,9374,-3343,35.688149166667,139.713848333333,http://matome.naver.jp/odai/2131745851431870501,54,都内でキレイな紅葉が見れるスポット＆散歩コース - NAVER まとめ
東京地下鉄株式会社　丸ノ内線新宿御苑前駅,293,-104,586,-209,1172,-418,2343,-836,4687,-1672,9374,-3343,35.688643611111,139.711765277778,http://matome.naver.jp/odai/2131745851431870501,54,都内でキレイな紅葉が見れるスポット＆散歩コース - NAVER まとめ
新宿御苑【春・桜】,293,-104,586,-209,1172,-418,2343,-836,4687,-1672,9374,-3343,35.68801579,139.71084860,http://matome.naver.jp/odai/2131745851431870501,54,都内でキレイな紅葉が見れるスポット＆散歩コース - NAVER まとめ
新宿御苑,293,-104,586,-209,1172,-418,2343,-836,4687,-1671,9373,-3343,35.68850732,139.70777386,http://matome.naver.jp/odai/2131745851431870501,54,都内でキレイな紅葉が見れるスポット＆散歩コース - NAVER まとめ
ニッポンレンタカー新宿御苑前営業所,293,-104,586,-209,1172,-418,2343,-836,4687,-1672,9374,-3343,35.688096,139.713799,http://matome.naver.jp/odai/2131745851431870501,54,都内でキレイな紅葉が見れるスポット＆散歩コース - NAVER まとめ
ニッポンレンタカー新宿御苑前営業所,293,-104,586,-209,1172,-418,2343,-836,4687,-1672,9374,-3343,35.68814918,139.71384833,http://matome.naver.jp/odai/2131745851431870501,54,都内でキレイな紅葉が見れるスポット＆散歩コース - NAVER まとめ
新宿御苑,293,-104,586,-209,1172,-418,2343,-836,4687,-1671,9373,-3343,35.688507222222,139.707773888889,http://matome.naver.jp/odai/2131745851431870501,54,都内でキレイな紅葉が見れるスポット＆散歩コース - NAVER まとめ
東京都建設局小石川後楽園サービスセンター,293,-104,586,-209,1172,-418,2344,-836,4688,-1672,9377,-3343,35.704886944444,139.748236388889,http://matome.naver.jp/odai/2131745851431870501,54,都内でキレイな紅葉が見れるスポット＆散歩コース - NAVER まとめ
小石川後楽園,293,-104,586,-209,1172,-418,2344,-836,4688,-1672,9377,-3343,35.704886944444,139.748236388889,http://matome.naver.jp/odai/2131745851431870501,54,都内でキレイな紅葉が見れるスポット＆散歩コース - NAVER まとめ
小石川後楽園,293,-104,586,-209,1172,-418,2344,-836,4688,-1672,9377,-3343,35.706104,139.748967,http://matome.naver.jp/odai/2131745851431870501,54,都内でキレイな紅葉が見れるスポット＆散歩コース - NAVER まとめ
小石川後楽園,293,-104,586,-209,1172,-418,2344,-836,4688,-1672,9377,-3343,35.70488707,139.74823629,http://matome.naver.jp/odai/2131745851431870501,54,都内でキレイな紅葉が見れるスポット＆散歩コース - NAVER まとめ
都立小石川後楽園,293,-104,586,-209,1172,-418,2344,-836,4688,-1672,9377,-3343,35.70488707,139.74823629,http://matome.naver.jp/odai/2131745851431870501,54,都内でキレイな紅葉が見れるスポット＆散歩コース - NAVER まとめ
都立六義園,293,-104,586,-209,1172,-418,2345,-835,4690,-1670,9379,-3341,35.73242292,139.74827983,http://matome.naver.jp/odai/2131745851431870501,54,都内でキレイな紅葉が見れるスポット＆散歩コース - NAVER まとめ
都立六義園,293,-104,586,-209,1172,-418,2345,-835,4690,-1670,9379,-3341,35.732095,139.746083,http://matome.naver.jp/odai/2131745851431870501,54,都内でキレイな紅葉が見れるスポット＆散歩コース - NAVER まとめ
六義園　紅葉と大名庭園のライトアップ,293,-104,586,-209,1172,-418,2345,-835,4690,-1670,9379,-3341,35.73242292,139.74827983,http://matome.naver.jp/odai/2131745851431870501,54,都内でキレイな紅葉が見れるスポット＆散歩コース - NAVER まとめ
六義園,293,-104,586,-209,1172,-418,2345,-835,4690,-1670,9379,-3341,35.732423055556,139.748279722222,http://matome.naver.jp/odai/2131745851431870501,54,都内でキレイな紅葉が見れるスポット＆散歩コース - NAVER まとめ
東京都建設局六義園サービスセンター,293,-104,586,-209,1172,-418,2345,-835,4690,-1670,9379,-3341,35.732423055556,139.748279722222,http://matome.naver.jp/odai/2131745851431870501,54,都内でキレイな紅葉が見れるスポット＆散歩コース - NAVER まとめ
清澄庭園,293,-105,586,-209,1172,-419,2344,-837,4688,-1674,9377,-3348,35.68100781,139.79764094,http://matome.naver.jp/odai/2131745851431870501,54,都内でキレイな紅葉が見れるスポット＆散歩コース - NAVER まとめ
東京都建設局清澄庭園サービスセンター,293,-105,586,-209,1172,-419,2344,-837,4688,-1674,9377,-3348,35.681007777778,139.797640833333,http://matome.naver.jp/odai/2131745851431870501,54,都内でキレイな紅葉が見れるスポット＆散歩コース - NAVER まとめ
上野恩賜公園,293,-105,586,-209,1172,-418,2345,-836,4689,-1672,9379,-3344,35.714070277778,139.774078611111,http://matome.naver.jp/odai/2131745851431870501,54,都内でキレイな紅葉が見れるスポット＆散歩コース - NAVER まとめ
上野恩賜公園【春・桜】,293,-105,586,-209,1172,-418,2345,-836,4689,-1672,9379,-3344,35.71529,139.773686,http://matome.naver.jp/odai/2131745851431870501,54,都内でキレイな紅葉が見れるスポット＆散歩コース - NAVER まとめ
東京都建設局東部公園緑地事務所上野恩賜公園事務所,293,-105,586,-209,1172,-418,2345,-836,4689,-1672,9379,-3344,35.714070277778,139.774078611111,http://matome.naver.jp/odai/2131745851431870501,54,都内でキレイな紅葉が見れるスポット＆散歩コース - NAVER まとめ
上野恩賜公園,293,-105,586,-209,1172,-418,2345,-836,4689,-1672,9379,-3344,35.71407029,139.77407874,http://matome.naver.jp/odai/2131745851431870501,54,都内でキレイな紅葉が見れるスポット＆散歩コース - NAVER まとめ
上野恩賜公園,293,-105,586,-209,1172,-418,2345,-836,4689,-1672,9379,-3343,35.71622904,139.77075859,http://matome.naver.jp/odai/2131745851431870501,54,都内でキレイな紅葉が見れるスポット＆散歩コース - NAVER まとめ
上野恩賜公園　水上音楽堂,293,-105,586,-209,1172,-418,2345,-836,4689,-1672,9378,-3344,35.709931616782,139.77074205207,http://matome.naver.jp/odai/2131745851431870501,54,都内でキレイな紅葉が見れるスポット＆散歩コース - NAVER まとめ
旧古川庭園,293,-104,586,-209,1173,-417,2345,-835,4690,-1670,9380,-3340,35.74308814,139.74587956,http://matome.naver.jp/odai/2131745851431870501,54,都内でキレイな紅葉が見れるスポット＆散歩コース - NAVER まとめ
旧古河庭園,293,-104,586,-209,1173,-417,2345,-835,4690,-1670,9380,-3340,35.74308814,139.74587956,http://matome.naver.jp/odai/2131745851431870501,54,都内でキレイな紅葉が見れるスポット＆散歩コース - NAVER まとめ
都立旧古河庭園,293,-104,586,-209,1173,-417,2345,-835,4690,-1670,9380,-3340,35.74308814,139.74587956,http://matome.naver.jp/odai/2131745851431870501,54,都内でキレイな紅葉が見れるスポット＆散歩コース - NAVER まとめ
東京都建設局旧古河庭園サービスセンター,293,-104,586,-209,1173,-417,2345,-835,4690,-1670,9380,-3340,35.743088055556,139.745879444444,http://matome.naver.jp/odai/2131745851431870501,54,都内でキレイな紅葉が見れるスポット＆散歩コース - NAVER まとめ
光が丘公園,293,-104,586,-208,1172,-417,2344,-833,4689,-1666,9377,-3332,35.76374947,139.62820537,http://matome.naver.jp/odai/2131745851431870501,54,都内でキレイな紅葉が見れるスポット＆散歩コース - NAVER まとめ
東京都建設局光が丘公園サービスセンター,293,-104,586,-208,1172,-417,2344,-833,4689,-1666,9377,-3332,35.763768888889,139.628210833333,http://matome.naver.jp/odai/2131745851431870501,54,都内でキレイな紅葉が見れるスポット＆散歩コース - NAVER まとめ
都立光が丘公園弓道場,293,-104,586,-208,1172,-417,2344,-833,4689,-1666,9377,-3332,35.763768888889,139.628210833333,http://matome.naver.jp/odai/2131745851431870501,54,都内でキレイな紅葉が見れるスポット＆散歩コース - NAVER まとめ
光が丘公園,293,-104,586,-208,1172,-417,2344,-833,4689,-1666,9377,-3332,35.763754,139.628221,http://matome.naver.jp/odai/2131745851431870501,54,都内でキレイな紅葉が見れるスポット＆散歩コース - NAVER まとめ
東京都立水元公園,294,-104,587,-209,1174,-418,2348,-835,4695,-1671,9390,-3341,35.78553795,139.87031206,http://matome.naver.jp/odai/2131745851431870501,54,都内でキレイな紅葉が見れるスポット＆散歩コース - NAVER まとめ
井の頭恩賜公園,293,-104,586,-208,1171,-417,2342,-834,4684,-1668,9368,-3336,35.69992456,139.57327186,http://matome.naver.jp/odai/2131745851431870501,54,都内でキレイな紅葉が見れるスポット＆散歩コース - NAVER まとめ
井の頭恩賜公園【春・桜】,293,-104,586,-208,1171,-417,2342,-834,4684,-1668,9369,-3336,35.700488,139.576278,http://matome.naver.jp/odai/2131745851431870501,54,都内でキレイな紅葉が見れるスポット＆散歩コース - NAVER まとめ
東京都西部公園緑地事務所　井の頭恩賜公園案内所,293,-104,586,-208,1171,-417,2342,-834,4684,-1668,9368,-3336,35.700693888889,139.574523611111,http://matome.naver.jp/odai/2131745851431870501,54,都内でキレイな紅葉が見れるスポット＆散歩コース - NAVER まとめ
高尾ツリーダム,292,-104,585,-208,1169,-416,2338,-832,4677,-1664,9353,-3328,35.666339,139.315806,http://matome.naver.jp/odai/2131745851431870501,54,都内でキレイな紅葉が見れるスポット＆散歩コース - NAVER まとめ
高尾山,292,-104,584,-208,1169,-416,2337,-832,4675,-1664,9349,-3328,35.642114,139.276213,http://matome.naver.jp/odai/2131745851431870501,54,都内でキレイな紅葉が見れるスポット＆散歩コース - NAVER まとめ
高尾山薬王院有喜寺,292,-104,584,-208,1168,-416,2337,-832,4673,-1664,9347,-3328,35.62743035,139.25031088,http://matome.naver.jp/odai/2131745851431870501,54,都内でキレイな紅葉が見れるスポット＆散歩コース - NAVER まとめ
高尾山トリックアート美術館,292,-104,584,-208,1169,-416,2337,-832,4674,-1664,9348,-3329,35.63317863,139.27124675,http://matome.naver.jp/odai/2131745851431870501,54,都内でキレイな紅葉が見れるスポット＆散歩コース - NAVER まとめ
高尾登山電鉄株式会社　高尾山駅,292,-104,584,-208,1168,-416,2337,-832,4674,-1664,9347,-3328,35.631107222222,139.256109722222,http://matome.naver.jp/odai/2131745851431870501,54,都内でキレイな紅葉が見れるスポット＆散歩コース - NAVER まとめ
高尾山・さる園・野草園,292,-104,584,-208,1168,-416,2337,-832,4674,-1664,9347,-3328,35.629979722222,139.255151666667,http://matome.naver.jp/odai/2131745851431870501,54,都内でキレイな紅葉が見れるスポット＆散歩コース - NAVER まとめ
高尾山麓駐車場,292,-104,584,-208,1169,-416,2337,-832,4675,-1664,9350,-3328,35.643657500000,139.284866944444,http://matome.naver.jp/odai/2131745851431870501,54,都内でキレイな紅葉が見れるスポット＆散歩コース - NAVER まとめ
高尾山,292,-104,584,-208,1168,-416,2337,-832,4673,-1664,9346,-3328,35.6255387,139.24360238,http://matome.naver.jp/odai/2131745851431870501,54,都内でキレイな紅葉が見れるスポット＆散歩コース - NAVER まとめ
高尾山 ケーブルカー,292,-104,584,-208,1168,-416,2337,-832,4674,-1664,9347,-3329,35.63070701,139.26514208,http://matome.naver.jp/odai/2131745851431870501,54,都内でキレイな紅葉が見れるスポット＆散歩コース - NAVER まとめ
高尾山駅/高尾登山電鉄,292,-104,584,-208,1168,-416,2337,-832,4674,-1664,9347,-3328,35.63107681,139.256073,http://matome.naver.jp/odai/2131745851431870501,54,都内でキレイな紅葉が見れるスポット＆散歩コース - NAVER まとめ
昭和記念公園管理センター,293,-104,585,-208,1170,-416,2340,-832,4681,-1664,9361,-3328,35.703356111111,139.407729444444,http://matome.naver.jp/odai/2131745851431870501,54,都内でキレイな紅葉が見れるスポット＆散歩コース - NAVER まとめ
国営昭和記念公園,293,-104,585,-208,1170,-416,2340,-832,4681,-1664,9361,-3328,35.70335621,139.40772937,http://matome.naver.jp/odai/2131745851431870501,54,都内でキレイな紅葉が見れるスポット＆散歩コース - NAVER まとめ
府中の森公園サービスセンター,293,-104,585,-208,1170,-417,2341,-833,4681,-1667,9363,-3334,35.677658611111,139.491290000000,http://matome.naver.jp/odai/2131745851431870501,54,都内でキレイな紅葉が見れるスポット＆散歩コース - NAVER まとめ
府中の森公園,293,-104,585,-208,1170,-417,2341,-833,4681,-1667,9363,-3334,35.677659,139.491291,http://matome.naver.jp/odai/2131745851431870501,54,都内でキレイな紅葉が見れるスポット＆散歩コース - NAVER まとめ
殿ヶ谷戸庭園,293,-104,585,-208,1170,-417,2341,-833,4682,-1666,9364,-3332,35.697842,139.48171,http://matome.naver.jp/odai/2131745851431870501,54,都内でキレイな紅葉が見れるスポット＆散歩コース - NAVER まとめ
殿ヶ谷戸庭園,293,-104,585,-208,1170,-417,2341,-833,4682,-1666,9364,-3332,35.6978423,139.48171,http://matome.naver.jp/odai/2131745851431870501,54,都内でキレイな紅葉が見れるスポット＆散歩コース - NAVER まとめ
殿ケ谷戸庭園サービスセンター,293,-104,585,-208,1170,-417,2341,-833,4682,-1666,9364,-3332,35.697842222222,139.481709444444,http://matome.naver.jp/odai/2131745851431870501,54,都内でキレイな紅葉が見れるスポット＆散歩コース - NAVER まとめ
秋川渓谷瀬音の湯,292,-104,585,-207,1169,-415,2338,-829,4677,-1658,9353,-3316,35.72716309,139.18783829,http://matome.naver.jp/odai/2131745851431870501,54,都内でキレイな紅葉が見れるスポット＆散歩コース - NAVER まとめ
秋川渓谷やすらぎの宿 油屋旅館,292,-104,585,-207,1169,-415,2339,-829,4677,-1659,9355,-3317,35.727880072665,139.22012455152,http://matome.naver.jp/odai/2131745851431870501,54,都内でキレイな紅葉が見れるスポット＆散歩コース - NAVER まとめ
根室食堂宮益坂上店,293,-104,586,-209,1171,-418,2343,-836,4685,-1673,9370,-3346,35.660324444444,139.707041666667,http://matome.naver.jp/odai/2131798203937354501,21,渋谷駅周辺でフラりと寄れる立ち飲み屋 - NAVER まとめ
北海道海鮮問屋根室食堂,293,-104,586,-209,1171,-418,2343,-836,4685,-1673,9370,-3346,35.658702222222,139.698936944444,http://matome.naver.jp/odai/2131798203937354501,21,渋谷駅周辺でフラりと寄れる立ち飲み屋 - NAVER まとめ
れもん屋飯田橋店,293,-104,586,-209,1172,-418,2344,-836,4688,-1672,9376,-3344,35.700379166667,139.744211944444,http://nununi.net/cgi/archives/002276.html,884,徘徊の記録: 東京でカレーの美味い店
スパイスマジックカルカッタ南口店,293,-105,586,-210,1172,-419,2345,-838,4689,-1676,9378,-3353,35.663608333333,139.862369722222,http://nununi.net/cgi/archives/002276.html,884,徘徊の記録: 東京でカレーの美味い店
スパイスマジックカルカッタ本店,293,-105,586,-210,1172,-419,2344,-838,4689,-1676,9378,-3352,35.665916388889,139.856886944444,http://nununi.net/cgi/archives/002276.html,884,徘徊の記録: 東京でカレーの美味い店
共栄堂,293,-105,586,-209,1172,-418,2344,-836,4688,-1672,9376,-3345,35.696463333333,139.759366388889,http://nununi.net/cgi/archives/002276.html,884,徘徊の記録: 東京でカレーの美味い店
共栄堂,293,-105,586,-209,1172,-418,2344,-836,4688,-1673,9376,-3345,35.696168821547,139.75937745961,http://nununi.net/cgi/archives/002276.html,884,徘徊の記録: 東京でカレーの美味い店
ディャダハラ 練馬店,293,-104,586,-208,1172,-417,2344,-834,4688,-1668,9375,-3336,35.736890002302,139.65084679918,http://nununi.net/cgi/archives/002276.html,884,徘徊の記録: 東京でカレーの美味い店
欧風カレー＆シチュー専門店　トマト,293,-104,586,-208,1171,-417,2343,-834,4685,-1669,9371,-3338,35.702375809694,139.61992921169,http://nununi.net/cgi/archives/002276.html,884,徘徊の記録: 東京でカレーの美味い店
エベレストダイニング野方店,293,-104,586,-209,1172,-417,2343,-835,4687,-1669,9374,-3338,35.718358055556,139.653419166667,http://nununi.net/cgi/archives/002276.html,884,徘徊の記録: 東京でカレーの美味い店
もうやんカレー　利瓶具,293,-104,586,-209,1171,-418,2343,-836,4686,-1671,9373,-3342,35.695095234805,139.68814198784,http://nununi.net/cgi/archives/002276.html,884,徘徊の記録: 東京でカレーの美味い店
もうやんカレー大忍具,293,-104,586,-209,1172,-418,2343,-836,4687,-1671,9373,-3342,35.695383888889,139.690569444444,http://nununi.net/cgi/archives/002276.html,884,徘徊の記録: 東京でカレーの美味い店
もうやんカレー大忍具,293,-104,586,-209,1172,-418,2343,-836,4687,-1671,9373,-3342,35.695333051753,139.69061149212,http://nununi.net/cgi/archives/002276.html,884,徘徊の記録: 東京でカレーの美味い店
もうやんカレー利瓶具,293,-104,586,-209,1171,-418,2343,-836,4686,-1671,9373,-3342,35.6950838,139.688144,http://nununi.net/cgi/archives/002276.html,884,徘徊の記録: 東京でカレーの美味い店
もうやんカレー利瓶具,293,-104,586,-209,1171,-418,2343,-836,4686,-1671,9373,-3342,35.695083888889,139.688144722222,http://nununi.net/cgi/archives/002276.html,884,徘徊の記録: 東京でカレーの美味い店
パキスタンレストランマルハバ,293,-104,586,-209,1172,-417,2344,-835,4689,-1669,9378,-3339,35.735018888889,139.710830000000,http://nununi.net/cgi/archives/002276.html,884,徘徊の記録: 東京でカレーの美味い店
牛八大井町店,293,-105,585,-210,1171,-419,2342,-838,4683,-1676,9367,-3352,35.607220000000,139.734813333333,http://nununi.net/cgi/archives/002276.html,884,徘徊の記録: 東京でカレーの美味い店
サントリー株式会社　武蔵野ビール工場,293,-104,585,-208,1170,-417,2340,-834,4680,-1668,9360,-3336,35.660001944444,139.478361111111,http://rocketnews24.com/2011/09/16/131181/,1169,【連休お得情報】知らなきゃ損!! ぜーんぶタダで遊べる、東京の観光スポット厳選紹介！ – ロケットニュース24（β）
サントリー株式会社　武蔵野ビール工場ご案内受付,293,-104,585,-208,1170,-417,2340,-834,4680,-1668,9360,-3336,35.660001944444,139.478361111111,http://rocketnews24.com/2011/09/16/131181/,1169,【連休お得情報】知らなきゃ損!! ぜーんぶタダで遊べる、東京の観光スポット厳選紹介！ – ロケットニュース24（β）
キムチ博物館,293,-104,586,-209,1172,-418,2343,-836,4687,-1672,9374,-3344,35.688080000000,139.719545000000,http://rocketnews24.com/2011/09/16/131181/,1169,【連休お得情報】知らなきゃ損!! ぜーんぶタダで遊べる、東京の観光スポット厳選紹介！ – ロケットニュース24（β）
清水池公園,293,-104,586,-209,1171,-418,2342,-837,4683,-1674,9366,-3349,35.624054,139.692417,http://rocketnews24.com/2011/09/16/131181/,1169,【連休お得情報】知らなきゃ損!! ぜーんぶタダで遊べる、東京の観光スポット厳選紹介！ – ロケットニュース24（β）
セブンイレブン　清水池公園店,293,-104,586,-209,1171,-418,2342,-837,4683,-1674,9366,-3349,35.624280833333,139.692983055556,http://rocketnews24.com/2011/09/16/131181/,1169,【連休お得情報】知らなきゃ損!! ぜーんぶタダで遊べる、東京の観光スポット厳選紹介！ – ロケットニュース24（β）
東京都庁展望室,293,-104,586,-209,1171,-418,2343,-836,4686,-1671,9373,-3342,35.68918461,139.69164748,http://rocketnews24.com/2011/09/16/131181/,1169,【連休お得情報】知らなきゃ損!! ぜーんぶタダで遊べる、東京の観光スポット厳選紹介！ – ロケットニュース24（β）
世田谷区立次大夫堀公園民家園,293,-104,585,-209,1170,-418,2341,-836,4681,-1672,9363,-3344,35.629402,139.598886,http://rocketnews24.com/2011/09/16/131181/,1169,【連休お得情報】知らなきゃ損!! ぜーんぶタダで遊べる、東京の観光スポット厳選紹介！ – ロケットニュース24（β）
次大夫堀公園民家園,293,-104,585,-209,1170,-418,2341,-836,4681,-1672,9363,-3344,35.630714444444,139.599552222222,http://rocketnews24.com/2011/09/16/131181/,1169,【連休お得情報】知らなきゃ損!! ぜーんぶタダで遊べる、東京の観光スポット厳選紹介！ – ロケットニュース24（β）
大酋長,293,-105,586,-209,1172,-418,2345,-836,4689,-1672,9378,-3345,35.699099444444,139.775157222222,http://togetter.com/li/185443,13,秋葉原ランチマップ　〜食べ放題のあるお店〜 - Togetter
しゃぶしゃぶ但馬屋,293,-105,586,-209,1172,-418,2344,-836,4689,-1672,9377,-3345,35.698516388889,139.773654444444,http://togetter.com/li/185443,13,秋葉原ランチマップ　〜食べ放題のあるお店〜 - Togetter
ボンサルーテ・カフェ,293,-105,586,-209,1172,-418,2344,-836,4688,-1673,9377,-3345,35.69727001806,139.77375812784,http://togetter.com/li/185443,13,秋葉原ランチマップ　〜食べ放題のあるお店〜 - Togetter
神泉のらぁめん屋　うさぎ,293,-104,586,-209,1171,-418,2342,-837,4685,-1673,9369,-3346,35.655705966014,139.69352054892,http://togetter.com/li/185882,5,渋谷ランチマップ　〜ラーメン・つけめん編〜 - Togetter
喜楽,293,-104,586,-209,1171,-418,2343,-836,4685,-1673,9370,-3346,35.659010277778,139.696887222222,http://togetter.com/li/185882,5,渋谷ランチマップ　〜ラーメン・つけめん編〜 - Togetter
中華そばすずらん,293,-104,586,-209,1171,-418,2343,-836,4685,-1673,9370,-3346,35.657577500000,139.704608611111,http://togetter.com/li/185882,5,渋谷ランチマップ　〜ラーメン・つけめん編〜 - Togetter
ＣｕｒｒｙＨｏｕｓｅチリチリ,293,-104,586,-209,1171,-418,2342,-837,4685,-1673,9370,-3347,35.654077777778,139.707505833333,http://togetter.com/li/185944,8,渋谷ランチマップ　〜カレーライス編〜 - Togetter
Curry House チリチリ,293,-104,586,-209,1171,-418,2342,-837,4685,-1673,9370,-3347,35.654080069243,139.70751387245,http://togetter.com/li/185944,8,渋谷ランチマップ　〜カレーライス編〜 - Togetter
もうやんカレー　利瓶具,293,-104,586,-209,1171,-418,2343,-836,4686,-1671,9373,-3342,35.695095234805,139.68814198784,http://togetter.com/li/185944,8,渋谷ランチマップ　〜カレーライス編〜 - Togetter
もうやんカレー　246,293,-104,586,-209,1171,-418,2343,-836,4685,-1673,9370,-3346,35.660750125557,139.70624232027,http://togetter.com/li/185944,8,渋谷ランチマップ　〜カレーライス編〜 - Togetter
もうやんカレー大忍具,293,-104,586,-209,1172,-418,2343,-836,4687,-1671,9373,-3342,35.695383888889,139.690569444444,http://togetter.com/li/185944,8,渋谷ランチマップ　〜カレーライス編〜 - Togetter
もうやんカレー大忍具,293,-104,586,-209,1172,-418,2343,-836,4687,-1671,9373,-3342,35.695333051753,139.69061149212,http://togetter.com/li/185944,8,渋谷ランチマップ　〜カレーライス編〜 - Togetter
もうやんカレー利瓶具,293,-104,586,-209,1171,-418,2343,-836,4686,-1671,9373,-3342,35.6950838,139.688144,http://togetter.com/li/185944,8,渋谷ランチマップ　〜カレーライス編〜 - Togetter
もうやんカレー２４６,293,-104,586,-209,1171,-418,2343,-836,4685,-1673,9370,-3346,35.660754722222,139.706252777778,http://togetter.com/li/185944,8,渋谷ランチマップ　〜カレーライス編〜 - Togetter
もうやんカレー池,293,-104,586,-209,1172,-418,2344,-835,4689,-1670,9378,-3339,35.729472500000,139.716240833333,http://togetter.com/li/185944,8,渋谷ランチマップ　〜カレーライス編〜 - Togetter
もうやんカレー利瓶具,293,-104,586,-209,1171,-418,2343,-836,4686,-1671,9373,-3342,35.695083888889,139.688144722222,http://togetter.com/li/185944,8,渋谷ランチマップ　〜カレーライス編〜 - Togetter
A＆G DINER,293,-104,586,-209,1172,-418,2343,-836,4686,-1673,9372,-3345,35.671026104353,139.71360735527,http://togetter.com/li/186070,1294,【決定版】一度は食べてみたい東京のハンバーガーショップ１０店舗 - Togetter
ＦＩＲＥ　ＨＯＵＳＥ,293,-105,586,-209,1172,-418,2344,-836,4689,-1672,9377,-3344,35.707589808507,139.75816311856,http://togetter.com/li/186070,1294,【決定版】一度は食べてみたい東京のハンバーガーショップ１０店舗 - Togetter
SUNNY　DINER,293,-105,586,-209,1173,-418,2346,-835,4692,-1671,9384,-3341,35.751665322826,139.8022935938,http://togetter.com/li/186070,1294,【決定版】一度は食べてみたい東京のハンバーガーショップ１０店舗 - Togetter
Baker Bounce,293,-104,586,-209,1171,-418,2342,-836,4684,-1673,9368,-3345,35.647335997149,139.66747053172,http://togetter.com/li/186070,1294,【決定版】一度は食べてみたい東京のハンバーガーショップ１０店舗 - Togetter
Reg-On Diner,293,-104,586,-209,1171,-418,2342,-837,4685,-1673,9370,-3347,35.655558281767,139.70988332594,http://togetter.com/li/186070,1294,【決定版】一度は食べてみたい東京のハンバーガーショップ１０店舗 - Togetter
Bee Hive　六本木店,293,-105,586,-209,1172,-418,2343,-837,4686,-1673,9372,-3347,35.66356612,139.72898407,http://togetter.com/li/187275,1,六本木ランチマップ　〜ラーメン・つけ麺編〜 - Togetter
西麻布五行,293,-105,586,-209,1172,-418,2343,-837,4686,-1673,9371,-3347,35.662018888889,139.724467777778,http://togetter.com/li/187275,1,六本木ランチマップ　〜ラーメン・つけ麺編〜 - Togetter
赤のれん,293,-105,586,-209,1172,-418,2344,-837,4688,-1673,9375,-3347,35.681095555556,139.763630555556,http://togetter.com/li/187275,1,六本木ランチマップ　〜ラーメン・つけ麺編〜 - Togetter
赤のれん麺徳,293,-105,586,-209,1172,-418,2344,-836,4688,-1672,9376,-3344,35.698487777778,139.750053055556,http://togetter.com/li/187275,1,六本木ランチマップ　〜ラーメン・つけ麺編〜 - Togetter
天鳳,293,-104,586,-209,1171,-418,2343,-835,4686,-1670,9371,-3340,35.697429722222,139.646051111111,http://togetter.com/li/187275,1,六本木ランチマップ　〜ラーメン・つけ麺編〜 - Togetter
麺や天鳳,293,-104,586,-209,1171,-418,2343,-835,4686,-1671,9373,-3341,35.697425000000,139.676529166667,http://togetter.com/li/187275,1,六本木ランチマップ　〜ラーメン・つけ麺編〜 - Togetter
麺や天鳳　方南町店,293,-104,586,-209,1171,-418,2343,-835,4685,-1671,9371,-3341,35.6841149,139.659761,http://togetter.com/li/187275,1,六本木ランチマップ　〜ラーメン・つけ麺編〜 - Togetter
天鳳,293,-105,586,-209,1172,-418,2343,-837,4686,-1673,9372,-3346,35.665065833333,139.729706111111,http://togetter.com/li/187275,1,六本木ランチマップ　〜ラーメン・つけ麺編〜 - Togetter
天鳳明石町店,293,-105,586,-209,1172,-418,2344,-837,4687,-1674,9374,-3349,35.667005833333,139.778654722222,http://togetter.com/li/187275,1,六本木ランチマップ　〜ラーメン・つけ麺編〜 - Togetter
かおたんらーめん赤坂店,293,-105,586,-209,1172,-418,2343,-837,4686,-1673,9373,-3346,35.670990555556,139.735272222222,http://togetter.com/li/187275,1,六本木ランチマップ　〜ラーメン・つけ麺編〜 - Togetter
かおたんラーメン,293,-105,586,-209,1172,-418,2343,-837,4686,-1673,9372,-3346,35.662238333333,139.723554166667,http://togetter.com/li/187275,1,六本木ランチマップ　〜ラーメン・つけ麺編〜 - Togetter
実之和,293,-104,586,-209,1172,-418,2343,-836,4686,-1673,9372,-3346,35.671587500000,139.725970000000,http://togetter.com/li/187275,1,六本木ランチマップ　〜ラーメン・つけ麺編〜 - Togetter
実之和,293,-104,586,-209,1172,-418,2343,-836,4687,-1672,9374,-3343,35.690237777778,139.712070555556,http://togetter.com/li/187275,1,六本木ランチマップ　〜ラーメン・つけ麺編〜 - Togetter
実之和,293,-105,586,-209,1172,-418,2343,-837,4686,-1673,9372,-3347,35.662638611111,139.733961388889,http://togetter.com/li/187275,1,六本木ランチマップ　〜ラーメン・つけ麺編〜 - Togetter
カンテサンス,293,-105,586,-209,1171,-419,2342,-837,4685,-1674,9370,-3348,35.641776666667,139.721741111111,http://www.asahi.com/komimi/TKY200711190221.html,66,asahi.com：三つ星レストランは８軒、ミシュランガイド東京版発表 - コミミ口コミ
銀座小十,293,-105,586,-209,1172,-418,2343,-837,4687,-1674,9374,-3347,35.669227500000,139.760481111111,http://www.asahi.com/komimi/TKY200711190221.html,66,asahi.com：三つ星レストランは８軒、ミシュランガイド東京版発表 - コミミ口コミ
ル・カフェ・ドゥ・ジョエル・ロブション,293,-105,586,-209,1172,-418,2344,-837,4688,-1673,9376,-3347,35.680668055556,139.773696388889,http://www.asahi.com/komimi/TKY200711190221.html,66,asahi.com：三つ星レストランは８軒、ミシュランガイド東京版発表 - コミミ口コミ
シャトーレストラン　ジョエル・ロブション,293,-105,586,-209,1171,-419,2342,-837,4685,-1674,9369,-3348,35.64194047,139.71452509,http://www.asahi.com/komimi/TKY200711190221.html,66,asahi.com：三つ星レストランは８軒、ミシュランガイド東京版発表 - コミミ口コミ
シャトーレストランジョエル・ロブション,293,-105,586,-209,1171,-419,2342,-837,4685,-1674,9369,-3348,35.641940555556,139.714525000000,http://www.asahi.com/komimi/TKY200711190221.html,66,asahi.com：三つ星レストランは８軒、ミシュランガイド東京版発表 - コミミ口コミ
ジョエル・ロブション,293,-105,586,-209,1171,-419,2342,-837,4685,-1674,9369,-3348,35.641940555556,139.714525000000,http://www.asahi.com/komimi/TKY200711190221.html,66,asahi.com：三つ星レストランは８軒、ミシュランガイド東京版発表 - コミミ口コミ
ラターブルドゥジョエル・ロブション,293,-105,586,-209,1171,-419,2342,-837,4685,-1674,9369,-3348,35.641940555556,139.714525000000,http://www.asahi.com/komimi/TKY200711190221.html,66,asahi.com：三つ星レストランは８軒、ミシュランガイド東京版発表 - コミミ口コミ
ラ・ブティック・ドゥジョエル・ロブション,293,-105,586,-209,1171,-419,2342,-837,4685,-1674,9369,-3348,35.641940555556,139.714525000000,http://www.asahi.com/komimi/TKY200711190221.html,66,asahi.com：三つ星レストランは８軒、ミシュランガイド東京版発表 - コミミ口コミ
ジョエル・ロブション,293,-105,586,-209,1172,-418,2344,-837,4688,-1673,9375,-3347,35.679076388889,139.763102777778,http://www.asahi.com/komimi/TKY200711190221.html,66,asahi.com：三つ星レストランは８軒、ミシュランガイド東京版発表 - コミミ口コミ
ラターブル ドゥ ジョエル・ロブション,293,-105,586,-209,1171,-419,2342,-837,4685,-1674,9369,-3348,35.64194047,139.71452509,http://www.asahi.com/komimi/TKY200711190221.html,66,asahi.com：三つ星レストランは８軒、ミシュランガイド東京版発表 - コミミ口コミ
ラトリエ ドゥ ジョエル・ロブション,293,-105,586,-209,1172,-418,2343,-837,4686,-1673,9372,-3347,35.66039980,139.72904252,http://www.asahi.com/komimi/TKY200711190221.html,66,asahi.com：三つ星レストランは８軒、ミシュランガイド東京版発表 - コミミ口コミ
ラトリエドゥジョエル・ロブション六本木ヒルズ店,293,-105,586,-209,1172,-418,2343,-837,4686,-1673,9372,-3347,35.660399722222,139.729042500000,http://www.asahi.com/komimi/TKY200711190221.html,66,asahi.com：三つ星レストランは８軒、ミシュランガイド東京版発表 - コミミ口コミ
すきや橋次郎豊洲店,293,-105,586,-209,1172,-419,2343,-838,4687,-1676,9374,-3351,35.653002500000,139.801950277778,http://www.asahi.com/komimi/TKY200711190221.html,66,asahi.com：三つ星レストランは８軒、ミシュランガイド東京版発表 - コミミ口コミ
すきや橋次郎六本木ヒルズ店,293,-105,586,-209,1172,-418,2343,-837,4686,-1673,9371,-3347,35.658788888889,139.729270277778,http://www.asahi.com/komimi/TKY200711190221.html,66,asahi.com：三つ星レストランは８軒、ミシュランガイド東京版発表 - コミミ口コミ
浜田家,293,-105,585,-210,1171,-419,2341,-839,4682,-1677,9364,-3354,35.587825000000,139.728783888889,http://www.asahi.com/komimi/TKY200711190221.html,66,asahi.com：三つ星レストランは８軒、ミシュランガイド東京版発表 - コミミ口コミ
有限会社濱田家,293,-104,585,-209,1171,-418,2342,-836,4683,-1673,9367,-3346,35.642864166667,139.666734722222,http://www.asahi.com/komimi/TKY200711190221.html,66,asahi.com：三つ星レストランは８軒、ミシュランガイド東京版発表 - コミミ口コミ
玄治店　濱田家　東京ミッドタウン店,293,-105,586,-209,1172,-418,2343,-837,4686,-1673,9372,-3347,35.660510897923,139.72923360281,http://www.asahi.com/komimi/TKY200711190221.html,66,asahi.com：三つ星レストランは８軒、ミシュランガイド東京版発表 - コミミ口コミ
玄冶店 濱田家,293,-105,586,-209,1172,-418,2344,-837,4688,-1674,9376,-3347,35.68718166,139.78300181,http://www.asahi.com/komimi/TKY200711190221.html,66,asahi.com：三つ星レストランは８軒、ミシュランガイド東京版発表 - コミミ口コミ
浜田家,293,-105,586,-209,1172,-418,2344,-837,4688,-1674,9376,-3347,35.687181666667,139.783001944444,http://www.asahi.com/komimi/TKY200711190221.html,66,asahi.com：三つ星レストランは８軒、ミシュランガイド東京版発表 - コミミ口コミ
ロオジエ,293,-105,586,-209,1172,-418,2343,-837,4687,-1674,9374,-3347,35.669932777778,139.761325555556,http://www.asahi.com/komimi/TKY200711190221.html,66,asahi.com：三つ星レストランは８軒、ミシュランガイド東京版発表 - コミミ口コミ
神楽坂石かわ,293,-104,586,-209,1172,-418,2344,-836,4688,-1672,9376,-3343,35.701284444444,139.739203888889,http://www.asahi.com/komimi/TKY200711190221.html,66,asahi.com：三つ星レストランは８軒、ミシュランガイド東京版発表 - コミミ口コミ
懐石一文字,293,-104,586,-209,1172,-418,2344,-836,4688,-1672,9376,-3343,35.700984444444,139.740109444444,http://www.asahi.com/komimi/TKY200711190221.html,66,asahi.com：三つ星レストランは８軒、ミシュランガイド東京版発表 - コミミ口コミ
一文字そば,293,-104,586,-209,1172,-418,2345,-835,4689,-1670,9379,-3340,35.732311388889,139.729398055556,http://www.asahi.com/komimi/TKY200711190221.html,66,asahi.com：三つ星レストランは８軒、ミシュランガイド東京版発表 - コミミ口コミ
えさき,293,-104,586,-209,1172,-418,2343,-836,4686,-1673,9372,-3345,35.671656666667,139.713185277778,http://www.asahi.com/komimi/TKY200711190221.html,66,asahi.com：三つ星レストランは８軒、ミシュランガイド東京版発表 - コミミ口コミ
恵さき,293,-104,586,-209,1172,-418,2344,-836,4688,-1672,9376,-3343,35.700984444444,139.740109444444,http://www.asahi.com/komimi/TKY200711190221.html,66,asahi.com：三つ星レストランは８軒、ミシュランガイド東京版発表 - コミミ口コミ
エメ・ヴィベール,293,-104,586,-209,1172,-418,2344,-836,4687,-1672,9374,-3345,35.687422886557,139.73796427639,http://www.asahi.com/komimi/TKY200711190221.html,66,asahi.com：三つ星レストランは８軒、ミシュランガイド東京版発表 - コミミ口コミ
エメ・ヴィベール,293,-104,586,-209,1172,-418,2344,-836,4687,-1672,9374,-3345,35.68739677369,139.73791288855,http://www.asahi.com/komimi/TKY200711190221.html,66,asahi.com：三つ星レストランは８軒、ミシュランガイド東京版発表 - コミミ口コミ
エメ・ヴィベール,293,-104,586,-209,1172,-418,2344,-836,4687,-1672,9374,-3345,35.686949722222,139.736938055556,http://www.asahi.com/komimi/TKY200711190221.html,66,asahi.com：三つ星レストランは８軒、ミシュランガイド東京版発表 - コミミ口コミ
キュイジーヌ[s] ミッシェル・トロワグロ,293,-104,586,-209,1171,-418,2343,-836,4686,-1671,9373,-3342,35.69090940,139.69103635,http://www.asahi.com/komimi/TKY200711190221.html,66,asahi.com：三つ星レストランは８軒、ミシュランガイド東京版発表 - コミミ口コミ
キュイジーヌ（s） ミッシェル・トロワグロ,293,-104,586,-209,1171,-418,2343,-836,4686,-1671,9373,-3342,35.69090940,139.69103635,http://www.asahi.com/komimi/TKY200711190221.html,66,asahi.com：三つ星レストランは８軒、ミシュランガイド東京版発表 - コミミ口コミ
フレンチレストラン 「キュイジーヌ［s］ ミッシェル・トロワグロ」,293,-104,586,-209,1171,-418,2343,-836,4686,-1671,9373,-3342,35.690909398298,139.69103635179,http://www.asahi.com/komimi/TKY200711190221.html,66,asahi.com：三つ星レストランは８軒、ミシュランガイド東京版発表 - コミミ口コミ
湖月苑,293,-104,586,-209,1172,-418,2344,-836,4688,-1672,9377,-3343,35.705145277778,139.741509166667,http://www.asahi.com/komimi/TKY200711190221.html,66,asahi.com：三つ星レストランは８軒、ミシュランガイド東京版発表 - コミミ口コミ
湖月堂,293,-104,585,-209,1170,-418,2341,-835,4681,-1671,9362,-3341,35.642942500000,139.564515833333,http://www.asahi.com/komimi/TKY200711190221.html,66,asahi.com：三つ星レストランは８軒、ミシュランガイド東京版発表 - コミミ口コミ
湖月,293,-104,586,-209,1171,-418,2343,-836,4685,-1673,9371,-3346,35.663168611111,139.709610833333,http://www.asahi.com/komimi/TKY200711190221.html,66,asahi.com：三つ星レストランは８軒、ミシュランガイド東京版発表 - コミミ口コミ
湖月堂菓子店,293,-104,586,-209,1171,-418,2343,-836,4685,-1672,9371,-3344,35.669131388889,139.688529166667,http://www.asahi.com/komimi/TKY200711190221.html,66,asahi.com：三つ星レストランは８軒、ミシュランガイド東京版発表 - コミミ口コミ
湖月,293,-105,587,-209,1173,-418,2347,-836,4693,-1673,9387,-3345,35.744749444444,139.881256944444,http://www.asahi.com/komimi/TKY200711190221.html,66,asahi.com：三つ星レストランは８軒、ミシュランガイド東京版発表 - コミミ口コミ
湖月庵,293,-104,586,-208,1172,-416,2343,-832,4686,-1665,9372,-3330,35.753484444444,139.546337777778,http://www.asahi.com/komimi/TKY200711190221.html,66,asahi.com：三つ星レストランは８軒、ミシュランガイド東京版発表 - コミミ口コミ
さわ田,293,-105,586,-209,1172,-418,2343,-837,4687,-1674,9374,-3348,35.670477500000,139.765336111111,http://www.asahi.com/komimi/TKY200711190221.html,66,asahi.com：三つ星レストランは８軒、ミシュランガイド東京版発表 - コミミ口コミ
サンパウウエディングデスク,293,-105,586,-209,1172,-418,2344,-837,4688,-1673,9376,-3347,35.682981944444,139.775207500000,http://www.asahi.com/komimi/TKY200711190221.html,66,asahi.com：三つ星レストランは８軒、ミシュランガイド東京版発表 - コミミ口コミ
サンパウロ喫茶部,293,-104,587,-208,1173,-417,2346,-834,4692,-1667,9383,-3335,35.782841111111,139.721466111111,http://www.asahi.com/komimi/TKY200711190221.html,66,asahi.com：三つ星レストランは８軒、ミシュランガイド東京版発表 - コミミ口コミ
レストランサン・パウワインバー,293,-105,586,-209,1172,-418,2344,-837,4688,-1673,9376,-3347,35.682981944444,139.775207500000,http://www.asahi.com/komimi/TKY200711190221.html,66,asahi.com：三つ星レストランは８軒、ミシュランガイド東京版発表 - コミミ口コミ
サンパウ,293,-105,586,-209,1172,-418,2344,-837,4688,-1673,9376,-3347,35.68298186,139.77520743,http://www.asahi.com/komimi/TKY200711190221.html,66,asahi.com：三つ星レストランは８軒、ミシュランガイド東京版発表 - コミミ口コミ
レストランサン・パウ,293,-105,586,-209,1172,-418,2344,-837,4688,-1673,9376,-3347,35.682981944444,139.775207500000,http://www.asahi.com/komimi/TKY200711190221.html,66,asahi.com：三つ星レストランは８軒、ミシュランガイド東京版発表 - コミミ口コミ
鮨かねさか,293,-105,586,-209,1172,-418,2343,-837,4687,-1674,9374,-3348,35.667988611111,139.762633888889,http://www.asahi.com/komimi/TKY200711190221.html,66,asahi.com：三つ星レストランは８軒、ミシュランガイド東京版発表 - コミミ口コミ
醍醐,293,-104,586,-208,1171,-417,2342,-833,4683,-1667,9366,-3334,35.702681666667,139.525294444444,http://www.asahi.com/komimi/TKY200711190221.html,66,asahi.com：三つ星レストランは８軒、ミシュランガイド東京版発表 - コミミ口コミ
醍醐,293,-105,586,-209,1172,-418,2343,-837,4686,-1674,9373,-3347,35.663505555556,139.748960000000,http://www.asahi.com/komimi/TKY200711190221.html,66,asahi.com：三つ星レストランは８軒、ミシュランガイド東京版発表 - コミミ口コミ
醍醐台場店,293,-105,586,-209,1171,-419,2343,-838,4685,-1676,9371,-3352,35.628943333333,139.776067222222,http://www.asahi.com/komimi/TKY200711190221.html,66,asahi.com：三つ星レストランは８軒、ミシュランガイド東京版発表 - コミミ口コミ
醍醐苑,293,-104,585,-208,1170,-416,2341,-832,4681,-1664,9362,-3329,35.707445000000,139.424355833333,http://www.asahi.com/komimi/TKY200711190221.html,66,asahi.com：三つ星レストランは８軒、ミシュランガイド東京版発表 - コミミ口コミ
醍醐,292,-105,585,-209,1170,-419,2341,-837,4681,-1675,9363,-3350,35.597611388889,139.666933611111,http://www.asahi.com/komimi/TKY200711190221.html,66,asahi.com：三つ星レストランは８軒、ミシュランガイド東京版発表 - コミミ口コミ
手打そば醍醐,293,-104,585,-208,1171,-416,2342,-832,4683,-1665,9366,-3330,35.723255833333,139.482600000000,http://www.asahi.com/komimi/TKY200711190221.html,66,asahi.com：三つ星レストランは８軒、ミシュランガイド東京版発表 - コミミ口コミ
手打ちそば醍醐,293,-104,586,-208,1171,-417,2342,-833,4683,-1667,9366,-3334,35.702681666667,139.525294444444,http://www.asahi.com/komimi/TKY200711190221.html,66,asahi.com：三つ星レストランは８軒、ミシュランガイド東京版発表 - コミミ口コミ
炉端焼き 醍醐味 丸ビル店,293,-105,586,-209,1172,-418,2344,-837,4688,-1673,9375,-3347,35.681095623872,139.76363045594,http://www.asahi.com/komimi/TKY200711190221.html,66,asahi.com：三つ星レストランは８軒、ミシュランガイド東京版発表 - コミミ口コミ
西麻布・拓,293,-105,586,-209,1172,-418,2343,-837,4686,-1673,9371,-3347,35.661285555556,139.722270833333,http://www.asahi.com/komimi/TKY200711190221.html,66,asahi.com：三つ星レストランは８軒、ミシュランガイド東京版発表 - コミミ口コミ
つきじやまもと,293,-105,586,-209,1172,-418,2344,-837,4687,-1674,9374,-3348,35.667336111111,139.770602500000,http://www.asahi.com/komimi/TKY200711190221.html,66,asahi.com：三つ星レストランは８軒、ミシュランガイド東京版発表 - コミミ口コミ
有限会社ヴィ・トゥエンティワン,293,-105,586,-209,1172,-418,2345,-836,4689,-1672,9378,-3344,35.708656944444,139.771381944444,http://www.asahi.com/komimi/TKY200711190221.html,66,asahi.com：三つ星レストランは８軒、ミシュランガイド東京版発表 - コミミ口コミ
ピエール・ガニェール,293,-105,586,-209,1172,-418,2343,-837,4687,-1673,9373,-3347,35.668229793061,139.74108836582,http://www.asahi.com/komimi/TKY200711190221.html,66,asahi.com：三つ星レストランは８軒、ミシュランガイド東京版発表 - コミミ口コミ
Ｐｉｅｒｒｅ　Ｇａｇｎａｉｒｅ　ピエール・ガニエール　東京,293,-105,586,-209,1172,-418,2343,-837,4687,-1673,9373,-3347,35.668235121057,139.74103093064,http://www.asahi.com/komimi/TKY200711190221.html,66,asahi.com：三つ星レストランは８軒、ミシュランガイド東京版発表 - コミミ口コミ
ピエール・ガニェール,293,-105,586,-209,1172,-418,2343,-837,4687,-1673,9373,-3347,35.66822979,139.74108837,http://www.asahi.com/komimi/TKY200711190221.html,66,asahi.com：三つ星レストランは８軒、ミシュランガイド東京版発表 - コミミ口コミ
菱沼,293,-105,586,-209,1172,-418,2343,-837,4686,-1674,9372,-3347,35.661358333333,139.736675277778,http://www.asahi.com/komimi/TKY200711190221.html,66,asahi.com：三つ星レストランは８軒、ミシュランガイド東京版発表 - コミミ口コミ
福田家,293,-104,586,-209,1172,-418,2344,-836,4687,-1672,9374,-3345,35.682489166667,139.732305277778,http://www.asahi.com/komimi/TKY200711190221.html,66,asahi.com：三つ星レストランは８軒、ミシュランガイド東京版発表 - コミミ口コミ
福田家豊洲店,293,-105,586,-209,1172,-419,2343,-838,4687,-1675,9374,-3351,35.654602222222,139.797039722222,http://www.asahi.com/komimi/TKY200711190221.html,66,asahi.com：三つ星レストランは８軒、ミシュランガイド東京版発表 - コミミ口コミ
福田家別館,293,-105,586,-209,1172,-418,2344,-836,4687,-1673,9374,-3345,35.680297777778,139.735960555556,http://www.asahi.com/komimi/TKY200711190221.html,66,asahi.com：三つ星レストランは８軒、ミシュランガイド東京版発表 - コミミ口コミ
福田家,293,-105,586,-209,1172,-419,2344,-837,4688,-1674,9376,-3349,35.672264166667,139.794245555556,http://www.asahi.com/komimi/TKY200711190221.html,66,asahi.com：三つ星レストランは８軒、ミシュランガイド東京版発表 - コミミ口コミ
福田家,293,-104,586,-209,1172,-418,2345,-835,4689,-1670,9378,-3341,35.721234722222,139.731712222222,http://www.asahi.com/komimi/TKY200711190221.html,66,asahi.com：三つ星レストランは８軒、ミシュランガイド東京版発表 - コミミ口コミ
ラトリエ ドゥ ジョエル・ロブション,293,-105,586,-209,1172,-418,2343,-837,4686,-1673,9372,-3347,35.66039980,139.72904252,http://www.asahi.com/komimi/TKY200711190221.html,66,asahi.com：三つ星レストランは８軒、ミシュランガイド東京版発表 - コミミ口コミ
ラトリエドゥジョエル・ロブション六本木ヒルズ店,293,-105,586,-209,1172,-418,2343,-837,4686,-1673,9372,-3347,35.660399722222,139.729042500000,http://www.asahi.com/komimi/TKY200711190221.html,66,asahi.com：三つ星レストランは８軒、ミシュランガイド東京版発表 - コミミ口コミ
リストランテASO,293,-104,586,-209,1171,-418,2342,-837,4685,-1673,9369,-3347,35.64848942,139.69936783,http://www.asahi.com/komimi/TKY200711190221.html,66,asahi.com：三つ星レストランは８軒、ミシュランガイド東京版発表 - コミミ口コミ
龍吟,293,-105,586,-209,1172,-418,2343,-837,4686,-1673,9372,-3347,35.662774444444,139.728286944444,http://www.asahi.com/komimi/TKY200711190221.html,66,asahi.com：三つ星レストランは８軒、ミシュランガイド東京版発表 - コミミ口コミ
ル・マンジュ・トゥー,293,-104,586,-209,1172,-418,2344,-836,4688,-1672,9375,-3344,35.698131944444,139.732454722222,http://www.asahi.com/komimi/TKY200711190221.html,66,asahi.com：三つ星レストランは８軒、ミシュランガイド東京版発表 - コミミ口コミ
アルジェントＡＳＯ,293,-105,586,-209,1172,-418,2344,-837,4687,-1674,9375,-3347,35.673474166667,139.765758333333,http://www.asahi.com/komimi/TKY200711190221.html,66,asahi.com：三つ星レストランは８軒、ミシュランガイド東京版発表 - コミミ口コミ
アルジェントASO,293,-105,586,-209,1172,-418,2344,-837,4687,-1674,9375,-3347,35.67347429,139.76575829,http://www.asahi.com/komimi/TKY200711190221.html,66,asahi.com：三つ星レストランは８軒、ミシュランガイド東京版発表 - コミミ口コミ
Argento ASO,293,-105,586,-209,1172,-418,2344,-837,4687,-1674,9375,-3347,35.673474288425,139.7657582952,http://www.asahi.com/komimi/TKY200711190221.html,66,asahi.com：三つ星レストランは８軒、ミシュランガイド東京版発表 - コミミ口コミ
レストランアルバス,293,-105,586,-209,1172,-418,2343,-837,4687,-1674,9374,-3347,35.670510555556,139.762741944444,http://www.asahi.com/komimi/TKY200711190221.html,66,asahi.com：三つ星レストランは８軒、ミシュランガイド東京版発表 - コミミ口コミ
アロマフレスカ,293,-105,586,-209,1171,-419,2343,-837,4686,-1674,9371,-3348,35.651201111111,139.737147777778,http://www.asahi.com/komimi/TKY200711190221.html,66,asahi.com：三つ星レストランは８軒、ミシュランガイド東京版発表 - コミミ口コミ
AROMAFRESCA,293,-105,586,-209,1172,-418,2344,-837,4687,-1674,9375,-3347,35.673713192908,139.76729148833,http://www.asahi.com/komimi/TKY200711190221.html,66,asahi.com：三つ星レストランは８軒、ミシュランガイド東京版発表 - コミミ口コミ
翁,293,-104,586,-209,1173,-417,2345,-835,4690,-1669,9380,-3338,35.745798333333,139.722231388889,http://www.asahi.com/komimi/TKY200711190221.html,66,asahi.com：三つ星レストランは８軒、ミシュランガイド東京版発表 - コミミ口コミ
翁寿司,293,-105,586,-209,1172,-418,2343,-837,4686,-1674,9372,-3348,35.661975000000,139.743880000000,http://www.asahi.com/komimi/TKY200711190221.html,66,asahi.com：三つ星レストランは８軒、ミシュランガイド東京版発表 - コミミ口コミ
うを徳,293,-104,586,-209,1172,-418,2344,-836,4688,-1672,9376,-3343,35.701898333333,139.741053611111,http://www.asahi.com/komimi/TKY200711190221.html,66,asahi.com：三つ星レストランは８軒、ミシュランガイド東京版発表 - コミミ口コミ
うを徳,293,-105,586,-209,1173,-418,2346,-836,4691,-1672,9382,-3345,35.724004722222,139.817503333333,http://www.asahi.com/komimi/TKY200711190221.html,66,asahi.com：三つ星レストランは８軒、ミシュランガイド東京版発表 - コミミ口コミ
銀座 うかい亭,293,-105,586,-209,1172,-418,2343,-837,4687,-1674,9374,-3348,35.668156,139.767245,http://www.asahi.com/komimi/TKY200711190221.html,66,asahi.com：三つ星レストランは８軒、ミシュランガイド東京版発表 - コミミ口コミ
銀座うかい亭,293,-105,586,-209,1172,-418,2343,-837,4687,-1674,9374,-3348,35.668155555556,139.767244444444,http://www.asahi.com/komimi/TKY200711190221.html,66,asahi.com：三つ星レストランは８軒、ミシュランガイド東京版発表 - コミミ口コミ
うかい亭,292,-104,585,-208,1169,-416,2339,-832,4677,-1664,9355,-3328,35.673230277778,139.334036666667,http://www.asahi.com/komimi/TKY200711190221.html,66,asahi.com：三つ星レストランは８軒、ミシュランガイド東京版発表 - コミミ口コミ
表参道うかい亭,293,-104,586,-209,1171,-418,2343,-836,4686,-1672,9371,-3345,35.66737914,139.70690532,http://www.asahi.com/komimi/TKY200711190221.html,66,asahi.com：三つ星レストランは８軒、ミシュランガイド東京版発表 - コミミ口コミ
表参道うかい亭,293,-104,586,-209,1171,-418,2343,-836,4686,-1672,9371,-3345,35.667379146248,139.70690531773,http://www.asahi.com/komimi/TKY200711190221.html,66,asahi.com：三つ星レストランは８軒、ミシュランガイド東京版発表 - コミミ口コミ
銀座うかい亭,293,-105,586,-209,1172,-418,2343,-837,4687,-1674,9374,-3348,35.66815547,139.76724448,http://www.asahi.com/komimi/TKY200711190221.html,66,asahi.com：三つ星レストランは８軒、ミシュランガイド東京版発表 - コミミ口コミ
表参道うかい亭,293,-104,586,-209,1171,-418,2343,-836,4686,-1672,9371,-3345,35.667379166667,139.706905277778,http://www.asahi.com/komimi/TKY200711190221.html,66,asahi.com：三つ星レストランは８軒、ミシュランガイド東京版発表 - コミミ口コミ
銀座うち山,293,-105,586,-209,1172,-418,2344,-837,4687,-1674,9374,-3348,35.672146666667,139.770041388889,http://www.asahi.com/komimi/TKY200711190221.html,66,asahi.com：三つ星レストランは８軒、ミシュランガイド東京版発表 - コミミ口コミ
銀座　うち山,293,-105,586,-209,1172,-418,2344,-837,4687,-1674,9374,-3348,35.672146765966,139.77004130828,http://www.asahi.com/komimi/TKY200711190221.html,66,asahi.com：三つ星レストランは８軒、ミシュランガイド東京版発表 - コミミ口コミ
大野日本料理,293,-105,586,-209,1172,-418,2343,-837,4687,-1674,9374,-3347,35.670777222222,139.760233888889,http://www.asahi.com/komimi/TKY200711190221.html,66,asahi.com：三つ星レストランは８軒、ミシュランガイド東京版発表 - コミミ口コミ
大野家,293,-104,585,-208,1171,-416,2342,-832,4683,-1665,9367,-3329,35.728369166667,139.476605833333,http://www.asahi.com/komimi/TKY200711190221.html,66,asahi.com：三つ星レストランは８軒、ミシュランガイド東京版発表 - コミミ口コミ
小笠原伯爵邸,293,-104,586,-209,1172,-418,2344,-836,4688,-1671,9375,-3343,35.698328611111,139.717511388889,http://www.asahi.com/komimi/TKY200711190221.html,66,asahi.com：三つ星レストランは８軒、ミシュランガイド東京版発表 - コミミ口コミ
キャーヴ・ド・ひらまつ,293,-105,586,-209,1172,-418,2343,-837,4686,-1673,9371,-3347,35.657641627039,139.7232514782,http://www.asahi.com/komimi/TKY200711190221.html,66,asahi.com：三つ星レストランは８軒、ミシュランガイド東京版発表 - コミミ口コミ
キャーヴ・ド・ひらまつ,293,-105,586,-209,1172,-418,2343,-837,4686,-1673,9371,-3347,35.65764162,139.72325147,http://www.asahi.com/komimi/TKY200711190221.html,66,asahi.com：三つ星レストランは８軒、ミシュランガイド東京版発表 - コミミ口コミ
銀座寿司幸本店丸ビル店,293,-105,586,-209,1172,-418,2344,-837,4688,-1673,9375,-3347,35.681095555556,139.763630555556,http://www.asahi.com/komimi/TKY200711190221.html,66,asahi.com：三つ星レストランは８軒、ミシュランガイド東京版発表 - コミミ口コミ
タワーズレストラン クーカーニョ,293,-104,586,-209,1171,-418,2342,-837,4685,-1673,9370,-3346,35.65645519,139.69941752,http://www.asahi.com/komimi/TKY200711190221.html,66,asahi.com：三つ星レストランは８軒、ミシュランガイド東京版発表 - コミミ口コミ
クーカーニョ,293,-104,586,-209,1171,-418,2342,-837,4685,-1673,9370,-3346,35.65645519,139.69941752,http://www.asahi.com/komimi/TKY200711190221.html,66,asahi.com：三つ星レストランは８軒、ミシュランガイド東京版発表 - コミミ口コミ
クチーナヒラタ,293,-105,586,-209,1171,-419,2343,-837,4686,-1674,9371,-3348,35.654783888889,139.735003333333,http://www.asahi.com/komimi/TKY200711190221.html,66,asahi.com：三つ星レストランは８軒、ミシュランガイド東京版発表 - コミミ口コミ
クチーナ・ヒラタ,293,-105,586,-209,1171,-419,2343,-837,4686,-1674,9371,-3348,35.654783873653,139.73500328882,http://www.asahi.com/komimi/TKY200711190221.html,66,asahi.com：三つ星レストランは８軒、ミシュランガイド東京版発表 - コミミ口コミ
クレッセントムーン,293,-105,586,-209,1172,-418,2343,-837,4687,-1674,9374,-3347,35.669830277778,139.761747777778,http://www.asahi.com/komimi/TKY200711190221.html,66,asahi.com：三つ星レストランは８軒、ミシュランガイド東京版発表 - コミミ口コミ
ルイスクレッセント,293,-104,586,-209,1171,-418,2343,-836,4685,-1672,9370,-3344,35.670836388889,139.682024166667,http://www.asahi.com/komimi/TKY200711190221.html,66,asahi.com：三つ星レストランは８軒、ミシュランガイド東京版発表 - コミミ口コミ
クレッセント,293,-105,586,-209,1172,-418,2343,-837,4686,-1674,9372,-3348,35.65754509,139.75096569,http://www.asahi.com/komimi/TKY200711190221.html,66,asahi.com：三つ星レストランは８軒、ミシュランガイド東京版発表 - コミミ口コミ
クレッセント,293,-104,586,-209,1172,-418,2343,-836,4686,-1673,9371,-3346,35.660138333333,139.716657500000,http://www.asahi.com/komimi/TKY200711190221.html,66,asahi.com：三つ星レストランは８軒、ミシュランガイド東京版発表 - コミミ口コミ
コジト（ｃｏｇｉｔｏ）,293,-105,586,-209,1172,-418,2343,-837,4686,-1673,9371,-3347,35.659444166667,139.727273333333,http://www.asahi.com/komimi/TKY200711190221.html,66,asahi.com：三つ星レストランは８軒、ミシュランガイド東京版発表 - コミミ口コミ
シェ松尾・広尾パティスリー,293,-105,586,-209,1171,-419,2343,-837,4685,-1674,9371,-3347,35.654664166667,139.720554722222,http://www.asahi.com/komimi/TKY200711190221.html,66,asahi.com：三つ星レストランは８軒、ミシュランガイド東京版発表 - コミミ口コミ
シェ松尾・松濤レストラン,293,-104,586,-209,1171,-418,2343,-836,4685,-1673,9370,-3345,35.660779444444,139.692409722222,http://www.asahi.com/komimi/TKY200711190221.html,66,asahi.com：三つ星レストランは８軒、ミシュランガイド東京版発表 - コミミ口コミ
シェ松尾・渋谷東急本店,293,-104,586,-209,1171,-418,2343,-836,4685,-1673,9370,-3345,35.660938055556,139.695703888889,http://www.asahi.com/komimi/TKY200711190221.html,66,asahi.com：三つ星レストランは８軒、ミシュランガイド東京版発表 - コミミ口コミ
シェ松尾 青山サロン,293,-104,586,-209,1171,-418,2343,-836,4685,-1673,9371,-3346,35.66179641,139.70662502,http://www.asahi.com/komimi/TKY200711190221.html,66,asahi.com：三つ星レストランは８軒、ミシュランガイド東京版発表 - コミミ口コミ
シェ松尾・天王洲倶楽部,293,-105,586,-209,1171,-419,2342,-838,4684,-1676,9369,-3351,35.622849166667,139.749745000000,http://www.asahi.com/komimi/TKY200711190221.html,66,asahi.com：三つ星レストランは８軒、ミシュランガイド東京版発表 - コミミ口コミ
シェ松尾・青山サロン,293,-104,586,-209,1171,-418,2343,-836,4685,-1673,9371,-3346,35.661796388889,139.706625000000,http://www.asahi.com/komimi/TKY200711190221.html,66,asahi.com：三つ星レストランは８軒、ミシュランガイド東京版発表 - コミミ口コミ
シェ松尾　青山サロン,293,-104,586,-209,1171,-418,2343,-836,4685,-1673,9371,-3346,35.66179641,139.70662502,http://www.asahi.com/komimi/TKY200711190221.html,66,asahi.com：三つ星レストランは８軒、ミシュランガイド東京版発表 - コミミ口コミ
シェ松尾,293,-104,585,-209,1170,-418,2341,-836,4682,-1671,9364,-3343,35.640098888889,139.598759722222,http://www.asahi.com/komimi/TKY200711190221.html,66,asahi.com：三つ星レストランは８軒、ミシュランガイド東京版発表 - コミミ口コミ
招福楼,293,-105,586,-209,1172,-418,2344,-837,4688,-1673,9375,-3347,35.681095555556,139.763630555556,http://www.asahi.com/komimi/TKY200711190221.html,66,asahi.com：三つ星レストランは８軒、ミシュランガイド東京版発表 - コミミ口コミ
招福楼伊勢丹店,293,-104,586,-209,1172,-418,2343,-836,4687,-1671,9373,-3343,35.691637500000,139.704615555556,http://www.asahi.com/komimi/TKY200711190221.html,66,asahi.com：三つ星レストランは８軒、ミシュランガイド東京版発表 - コミミ口コミ
竹葉亭銀座店,293,-105,586,-209,1172,-418,2343,-837,4687,-1674,9374,-3348,35.670766111111,139.765247222222,http://www.asahi.com/komimi/TKY200711190221.html,66,asahi.com：三つ星レストランは８軒、ミシュランガイド東京版発表 - コミミ口コミ
竹葉亭事務所,293,-105,586,-209,1172,-418,2343,-837,4687,-1674,9374,-3348,35.665791666667,139.765408611111,http://www.asahi.com/komimi/TKY200711190221.html,66,asahi.com：三つ星レストランは８軒、ミシュランガイド東京版発表 - コミミ口コミ
竹葉亭本店,293,-105,586,-209,1172,-418,2343,-837,4687,-1674,9374,-3348,35.666602777778,139.763958611111,http://www.asahi.com/komimi/TKY200711190221.html,66,asahi.com：三つ星レストランは８軒、ミシュランガイド東京版発表 - コミミ口コミ
中国飯店富麗華,293,-105,586,-209,1171,-419,2343,-837,4686,-1674,9371,-3348,35.656283888889,139.738594722222,http://www.asahi.com/komimi/TKY200711190221.html,66,asahi.com：三つ星レストランは８軒、ミシュランガイド東京版発表 - コミミ口コミ
トゥールダルジャン,293,-105,586,-209,1172,-418,2344,-836,4687,-1673,9374,-3345,35.681078333333,139.734927222222,http://www.asahi.com/komimi/TKY200711190221.html,66,asahi.com：三つ星レストランは８軒、ミシュランガイド東京版発表 - コミミ口コミ
ホテルニューオータニトゥールダルジャン,293,-105,586,-209,1172,-418,2344,-836,4687,-1673,9374,-3345,35.681078333333,139.734927222222,http://www.asahi.com/komimi/TKY200711190221.html,66,asahi.com：三つ星レストランは８軒、ミシュランガイド東京版発表 - コミミ口コミ
とうふ屋うかい,292,-104,585,-208,1169,-416,2339,-832,4677,-1665,9355,-3330,35.663868055556,139.357451666667,http://www.asahi.com/komimi/TKY200711190221.html,66,asahi.com：三つ星レストランは８軒、ミシュランガイド東京版発表 - コミミ口コミ
東京芝とうふ屋うかい,293,-105,586,-209,1172,-418,2343,-837,4686,-1674,9372,-3348,35.657600555556,139.745124444444,http://www.asahi.com/komimi/TKY200711190221.html,66,asahi.com：三つ星レストランは８軒、ミシュランガイド東京版発表 - コミミ口コミ
とうふ屋うかい　大和田店,292,-104,585,-208,1169,-416,2339,-832,4677,-1665,9355,-3330,35.663826348011,139.35739058332,http://www.asahi.com/komimi/TKY200711190221.html,66,asahi.com：三つ星レストランは８軒、ミシュランガイド東京版発表 - コミミ口コミ
なだ万・ホテルニューオータニ店,293,-105,586,-209,1172,-418,2344,-836,4687,-1673,9374,-3345,35.681078333333,139.734927222222,http://www.asahi.com/komimi/TKY200711190221.html,66,asahi.com：三つ星レストランは８軒、ミシュランガイド東京版発表 - コミミ口コミ
なだ万本店山茶花荘,293,-105,586,-209,1172,-418,2344,-836,4687,-1673,9374,-3345,35.681078333333,139.734927222222,http://www.asahi.com/komimi/TKY200711190221.html,66,asahi.com：三つ星レストランは８軒、ミシュランガイド東京版発表 - コミミ口コミ
花山椒八重洲店,293,-105,586,-209,1172,-418,2344,-837,4688,-1673,9375,-3347,35.678923888889,139.769588333333,http://www.asahi.com/komimi/TKY200711190221.html,66,asahi.com：三つ星レストランは８軒、ミシュランガイド東京版発表 - コミミ口コミ
花山椒,293,-105,586,-209,1172,-418,2343,-837,4687,-1674,9373,-3348,35.66323081,139.75964531,http://www.asahi.com/komimi/TKY200711190221.html,66,asahi.com：三つ星レストランは８軒、ミシュランガイド東京版発表 - コミミ口コミ
花山椒 パークホテル東京店,293,-105,586,-209,1172,-418,2343,-837,4687,-1674,9373,-3348,35.66323081,139.75964531,http://www.asahi.com/komimi/TKY200711190221.html,66,asahi.com：三つ星レストランは８軒、ミシュランガイド東京版発表 - コミミ口コミ
花山椒 芝パークホテル店,293,-105,586,-209,1172,-418,2343,-837,4686,-1674,9372,-3348,35.65879220,139.75190724,http://www.asahi.com/komimi/TKY200711190221.html,66,asahi.com：三つ星レストランは８軒、ミシュランガイド東京版発表 - コミミ口コミ
万歴龍呼堂,293,-105,586,-209,1171,-419,2343,-837,4686,-1674,9372,-3348,35.656111666667,139.739494444444,http://www.asahi.com/komimi/TKY200711190221.html,66,asahi.com：三つ星レストランは８軒、ミシュランガイド東京版発表 - コミミ口コミ
万歴龍呼堂,293,-105,586,-209,1171,-419,2343,-837,4686,-1674,9372,-3348,35.65611162,139.73949452,http://www.asahi.com/komimi/TKY200711190221.html,66,asahi.com：三つ星レストランは８軒、ミシュランガイド東京版発表 - コミミ口コミ
ピアットスズキ,293,-105,586,-209,1171,-419,2343,-837,4686,-1674,9371,-3348,35.656308611111,139.734911666667,http://www.asahi.com/komimi/TKY200711190221.html,66,asahi.com：三つ星レストランは８軒、ミシュランガイド東京版発表 - コミミ口コミ
ひのきざか／ザ・リッツ・カールトン東京,293,-105,586,-209,1172,-418,2343,-837,4686,-1673,9372,-3347,35.66620200,139.73125876,http://www.asahi.com/komimi/TKY200711190221.html,66,asahi.com：三つ星レストランは８軒、ミシュランガイド東京版発表 - コミミ口コミ
日本料理 ひのきざか,293,-105,586,-209,1172,-418,2343,-837,4686,-1673,9372,-3347,35.66620200,139.73125876,http://www.asahi.com/komimi/TKY200711190221.html,66,asahi.com：三つ星レストランは８軒、ミシュランガイド東京版発表 - コミミ口コミ
ひろ作,293,-105,586,-209,1172,-418,2343,-837,4687,-1674,9373,-3348,35.666224722222,139.755170555556,http://www.asahi.com/komimi/TKY200711190221.html,66,asahi.com：三つ星レストランは８軒、ミシュランガイド東京版発表 - コミミ口コミ
銀座福樹,293,-105,586,-209,1172,-418,2343,-837,4687,-1674,9374,-3347,35.668483055556,139.761475555556,http://www.asahi.com/komimi/TKY200711190221.html,66,asahi.com：三つ星レストランは８軒、ミシュランガイド東京版発表 - コミミ口コミ
六雁,293,-105,586,-209,1172,-418,2343,-837,4687,-1674,9374,-3347,35.671702222222,139.763686388889,http://www.asahi.com/komimi/TKY200711190221.html,66,asahi.com：三つ星レストランは８軒、ミシュランガイド東京版発表 - コミミ口コミ
未能一,293,-105,586,-209,1172,-418,2343,-837,4687,-1674,9374,-3347,35.668530277778,139.761014444444,http://www.asahi.com/komimi/TKY200711190221.html,66,asahi.com：三つ星レストランは８軒、ミシュランガイド東京版発表 - コミミ口コミ
メゾンポール・ボキューズ,293,-104,586,-209,1171,-418,2342,-837,4685,-1673,9369,-3347,35.649561388889,139.698684444444,http://www.asahi.com/komimi/TKY200711190221.html,66,asahi.com：三つ星レストランは８軒、ミシュランガイド東京版発表 - コミミ口コミ
Maison Paul Bocuse,293,-104,586,-209,1171,-418,2342,-837,4685,-1673,9369,-3347,35.649561503634,139.698684513,http://www.asahi.com/komimi/TKY200711190221.html,66,asahi.com：三つ星レストランは８軒、ミシュランガイド東京版発表 - コミミ口コミ
メゾン ポール・ボキューズ,293,-104,586,-209,1171,-418,2342,-837,4685,-1673,9369,-3347,35.64956151,139.69868451,http://www.asahi.com/komimi/TKY200711190221.html,66,asahi.com：三つ星レストランは８軒、ミシュランガイド東京版発表 - コミミ口コミ
有限会社リストランテ濱崎,293,-104,586,-209,1172,-418,2343,-836,4686,-1673,9371,-3346,35.665721111111,139.717626666667,http://www.asahi.com/komimi/TKY200711190221.html,66,asahi.com：三つ星レストランは８軒、ミシュランガイド東京版発表 - コミミ口コミ
築地与太呂,293,-105,587,-209,1173,-418,2347,-835,4693,-1670,9386,-3341,35.769290000000,139.820427500000,http://www.asahi.com/komimi/TKY200711190221.html,66,asahi.com：三つ星レストランは８軒、ミシュランガイド東京版発表 - コミミ口コミ
与太呂六本木,293,-105,586,-209,1172,-418,2343,-837,4686,-1673,9372,-3347,35.664346666667,139.732086666667,http://www.asahi.com/komimi/TKY200711190221.html,66,asahi.com：三つ星レストランは８軒、ミシュランガイド東京版発表 - コミミ口コミ
有限会社与太呂,293,-104,586,-209,1173,-417,2346,-835,4693,-1669,9386,-3338,35.779124444444,139.789999166667,http://www.asahi.com/komimi/TKY200711190221.html,66,asahi.com：三つ星レストランは８軒、ミシュランガイド東京版発表 - コミミ口コミ
ぎんざ有季銚,293,-105,586,-209,1172,-418,2343,-837,4687,-1674,9374,-3348,35.667783333333,139.764205833333,http://www.asahi.com/komimi/TKY200711190221.html,66,asahi.com：三つ星レストランは８軒、ミシュランガイド東京版発表 - コミミ口コミ
日本料理 分とく山,293,-105,586,-209,1171,-419,2343,-837,4686,-1675,9372,-3349,35.65326808,139.76224266,http://www.asahi.com/komimi/TKY200711190221.html,66,asahi.com：三つ星レストランは８軒、ミシュランガイド東京版発表 - コミミ口コミ
分とく山インターコンチネンタル東京ベイ,293,-105,586,-209,1171,-419,2343,-837,4686,-1675,9372,-3349,35.653265277778,139.762242777778,http://www.asahi.com/komimi/TKY200711190221.html,66,asahi.com：三つ星レストランは８軒、ミシュランガイド東京版発表 - コミミ口コミ
分とく山 / ホテル インターコンチネンタル 東京ベイ,293,-105,586,-209,1171,-419,2343,-837,4686,-1675,9372,-3349,35.65326808,139.76224266,http://www.asahi.com/komimi/TKY200711190221.html,66,asahi.com：三つ星レストランは８軒、ミシュランガイド東京版発表 - コミミ口コミ
分とく山飯倉片町,293,-105,586,-209,1172,-418,2343,-837,4686,-1674,9372,-3347,35.660750000000,139.736941666667,http://www.asahi.com/komimi/TKY200711190221.html,66,asahi.com：三つ星レストランは８軒、ミシュランガイド東京版発表 - コミミ口コミ
分とく山,293,-105,586,-209,1171,-419,2343,-837,4685,-1674,9371,-3347,35.653889166667,139.722073888889,http://www.asahi.com/komimi/TKY200711190221.html,66,asahi.com：三つ星レストランは８軒、ミシュランガイド東京版発表 - コミミ口コミ
分とく山伊勢丹店,293,-104,586,-209,1172,-418,2343,-836,4687,-1671,9373,-3343,35.691637500000,139.704615555556,http://www.asahi.com/komimi/TKY200711190221.html,66,asahi.com：三つ星レストランは８軒、ミシュランガイド東京版発表 - コミミ口コミ
ル・ジュー・ドゥ・ラシエット,293,-104,586,-209,1171,-418,2342,-837,4685,-1673,9369,-3347,35.648947777778,139.705953333333,http://www.asahi.com/komimi/TKY200711190221.html,66,asahi.com：三つ星レストランは８軒、ミシュランガイド東京版発表 - コミミ口コミ
レ・クレアシヨン・ド・ナリサワ,293,-104,586,-209,1172,-418,2343,-836,4686,-1673,9372,-3346,35.671401111111,139.721973333333,http://www.asahi.com/komimi/TKY200711190221.html,66,asahi.com：三つ星レストランは８軒、ミシュランガイド東京版発表 - コミミ口コミ
ル・シズィエム・サンス・ドゥ・オエノン　＜カフェ＞,293,-105,586,-209,1172,-418,2343,-837,4687,-1674,9374,-3347,35.671445763845,139.76060102252,http://www.asahi.com/komimi/TKY200711190221.html,66,asahi.com：三つ星レストランは８軒、ミシュランガイド東京版発表 - コミミ口コミ
レストランル・シズィエム・サンス,293,-105,586,-209,1172,-418,2343,-837,4687,-1674,9374,-3347,35.671474444444,139.760586666667,http://www.asahi.com/komimi/TKY200711190221.html,66,asahi.com：三つ星レストランは８軒、ミシュランガイド東京版発表 - コミミ口コミ
ル・シズィエム・サンス・ドゥ・オエノン　＜レストラン＞,293,-105,586,-209,1172,-418,2343,-837,4687,-1674,9374,-3347,35.671445763845,139.76060102252,http://www.asahi.com/komimi/TKY200711190221.html,66,asahi.com：三つ星レストランは８軒、ミシュランガイド東京版発表 - コミミ口コミ
大盛堂書店,293,-104,586,-209,1171,-418,2343,-836,4685,-1673,9370,-3346,35.659782500000,139.699972777778,http://www.head-t.com/2011/02/2011-02-22_01.html,376,渋谷センター街の入口「大盛堂書店」の謎 | TokyoHeadTerminal
愛川,293,-104,586,-209,1172,-418,2344,-835,4688,-1670,9375,-3341,35.711388073225,139.70732855238,http://www.timeout.jp/ja/tokyo/feature/973,13,東京、関西風“焼き”うなぎ5選 - Time Out Tokyo
有限会社丸富,293,-105,585,-210,1171,-419,2342,-838,4684,-1676,9368,-3352,35.610672777778,139.744484722222,http://www.timeout.jp/ja/tokyo/feature/973,13,東京、関西風“焼き”うなぎ5選 - Time Out Tokyo
稲毛屋うなぎ料理,293,-104,586,-209,1172,-417,2344,-835,4688,-1670,9376,-3339,35.722161388889,139.694129166667,http://www.timeout.jp/ja/tokyo/feature/973,13,東京、関西風“焼き”うなぎ5選 - Time Out Tokyo
稲毛屋,293,-104,586,-209,1172,-418,2345,-835,4690,-1671,9380,-3342,35.730376666667,139.761895555556,http://www.timeout.jp/ja/tokyo/feature/973,13,東京、関西風“焼き”うなぎ5選 - Time Out Tokyo
稲毛屋,293,-104,586,-209,1172,-417,2343,-835,4686,-1669,9371,-3339,35.701945555556,139.636379444444,http://www.timeout.jp/ja/tokyo/feature/973,13,東京、関西風“焼き”うなぎ5選 - Time Out Tokyo
稲毛屋,293,-104,586,-209,1171,-418,2342,-836,4685,-1671,9369,-3342,35.676840277778,139.644377222222,http://www.timeout.jp/ja/tokyo/feature/973,13,東京、関西風“焼き”うなぎ5選 - Time Out Tokyo
